ATHS,,ATHS:,0
ATHS,Top2000,ATHS:-,0
ATHS,PMC0_0,ATHS:0.00.00,0
ATHS,PMC0_1,ATHS:0.00.00,0
ATHS,ThsTEN,ATHS:0.00.00,0
ATHS,PMC1_0,ATHS:0.00.00,0
ATHS,PMC1_1,ATHS:0.00.00,0
ATHS,ThsINF,ATHS:0.00.00,0
ATHS,ECA3M1,ATHS:0.00.00,0
ATHS,EEA3M1,ATHS:0.00.00,0
ATHS,ATHS_2~0,ATHS:ATHS_230V_StpDev,0
ATHS,ATHS_4~3,ATHS:ATHS_400V_FrontETACLower,0
ATHS,ATHS_4~4,ATHS:ATHS_400V_FrontETACUpper,0
ATHS,ATHS_400,ATHS:ATHS_400V_FTC_back,0
ATHS,ATHS_4~0,ATHS:ATHS_400V_FTC_front,0
ATHS,ATHS_4~1,ATHS:ATHS_400V_LeftETAC_LvlDiv,0
ATHS,ATHS_ETA,ATHS:ATHS_ETAC_Lower_MotorDA3,0
ATHS,ATHS_E~0,ATHS:ATHS_ETAC_Upper_MotorFA3,0
ATHS,Broker~0,ATHS:BrokerTHSPPC_SCPPC,0
ATHS,DBGU,ATHS:DBGU,0
ATHS,ATHS_230,ATHS:ElectricalZones.ATHS_230V_FTM,0
ATHS,ATHS_24V,ATHS:ElectricalZones.ATHS_24V_Ibs,0
ATHS,ATHS_4~2,ATHS:ElectricalZones.ATHS_400V_FTM,0
ATHS,SORTEC_B,ATHS:ElectricalZones.SORTEC_Back_1,0
ATHS,SORTEC~2,ATHS:ElectricalZones.SORTEC_Back_2,0
ATHS,SORTEC~3,ATHS:ElectricalZones.SORTEC_Back_3,0
ATHS,SORTEC_F,ATHS:ElectricalZones.SORTEC_Front_1,0
ATHS,SORTEC~0,ATHS:ElectricalZones.SORTEC_Front_2,0
ATHS,SORTEC~1,ATHS:ElectricalZones.SORTEC_Front_3,0
ATHS,AE_LB001,ATHS:ETAC_Low.ETACS_LL.AE_LB001,0
ATHS,AE_LB002,ATHS:ETAC_Low.ETACS_LL.AE_LB002,0
ATHS,AE_LB003,ATHS:ETAC_Low.ETACS_LL.AE_LB003,0
ATHS,AE_LB004,ATHS:ETAC_Low.ETACS_LL.AE_LB004,0
ATHS,AE_LB005,ATHS:ETAC_Low.ETACS_LL.AE_LB005,0
ATHS,AE_LB006,ATHS:ETAC_Low.ETACS_LL.AE_LB006,0
ATHS,AE_LB007,ATHS:ETAC_Low.ETACS_LL.AE_LB007,0
ATHS,AE_LB008,ATHS:ETAC_Low.ETACS_LL.AE_LB008,0
ATHS,AE_LB009,ATHS:ETAC_Low.ETACS_LL.AE_LB009,0
ATHS,AE_LB010,ATHS:ETAC_Low.ETACS_LL.AE_LB010,0
ATHS,AE_LB011,ATHS:ETAC_Low.ETACS_LL.AE_LB011,0
ATHS,AE_LB012,ATHS:ETAC_Low.ETACS_LL.AE_LB012,0
ATHS,AE_LB013,ATHS:ETAC_Low.ETACS_LL.AE_LB013,0
ATHS,AE_LB014,ATHS:ETAC_Low.ETACS_LL.AE_LB014,0
ATHS,AE_LB015,ATHS:ETAC_Low.ETACS_LL.AE_LB015,0
ATHS,AE_LB016,ATHS:ETAC_Low.ETACS_LL.AE_LB016,0
ATHS,AE_LB017,ATHS:ETAC_Low.ETACS_LL.AE_LB017,0
ATHS,AE_LB018,ATHS:ETAC_Low.ETACS_LL.AE_LB018,0
ATHS,AE_LB019,ATHS:ETAC_Low.ETACS_LL.AE_LB019,0
ATHS,AE_LB020,ATHS:ETAC_Low.ETACS_LL.AE_LB020,0
ATHS,AE_LB021,ATHS:ETAC_Low.ETACS_LL.AE_LB021,0
ATHS,AE_LB022,ATHS:ETAC_Low.ETACS_LL.AE_LB022,0
ATHS,AE_LB023,ATHS:ETAC_Low.ETACS_LL.AE_LB023,0
ATHS,AE_LB024,ATHS:ETAC_Low.ETACS_LL.AE_LB024,0
ATHS,AE_LB025,ATHS:ETAC_Low.ETACS_LL.AE_LB025,0
ATHS,AE_LB026,ATHS:ETAC_Low.ETACS_LL.AE_LB026,0
ATHS,AE_LB027,ATHS:ETAC_Low.ETACS_LL.AE_LB027,0
ATHS,AE_LB028,ATHS:ETAC_Low.ETACS_LL.AE_LB028,0
ATHS,AE_LB029,ATHS:ETAC_Low.ETACS_LL.AE_LB029,0
ATHS,AE_LB030,ATHS:ETAC_Low.ETACS_LL.AE_LB030,0
ATHS,AE_LB031,ATHS:ETAC_Low.ETACS_LL.AE_LB031,0
ATHS,AE_LB032,ATHS:ETAC_Low.ETACS_LL.AE_LB032,0
ATHS,AE_LB033,ATHS:ETAC_Low.ETACS_LL.AE_LB033,0
ATHS,AE_LF001,ATHS:ETAC_Low.ETACS_LR.AE_LF001,0
ATHS,AE_LF002,ATHS:ETAC_Low.ETACS_LR.AE_LF002,0
ATHS,AE_LF003,ATHS:ETAC_Low.ETACS_LR.AE_LF003,0
ATHS,AE_LF004,ATHS:ETAC_Low.ETACS_LR.AE_LF004,0
ATHS,AE_LF005,ATHS:ETAC_Low.ETACS_LR.AE_LF005,0
ATHS,AE_LF006,ATHS:ETAC_Low.ETACS_LR.AE_LF006,0
ATHS,AE_LF007,ATHS:ETAC_Low.ETACS_LR.AE_LF007,0
ATHS,AE_LF008,ATHS:ETAC_Low.ETACS_LR.AE_LF008,0
ATHS,AE_LF009,ATHS:ETAC_Low.ETACS_LR.AE_LF009,0
ATHS,AE_LF010,ATHS:ETAC_Low.ETACS_LR.AE_LF010,0
ATHS,AE_LF011,ATHS:ETAC_Low.ETACS_LR.AE_LF011,0
ATHS,AE_LF012,ATHS:ETAC_Low.ETACS_LR.AE_LF012,0
ATHS,AE_LF013,ATHS:ETAC_Low.ETACS_LR.AE_LF013,0
ATHS,AE_LF014,ATHS:ETAC_Low.ETACS_LR.AE_LF014,0
ATHS,AE_LF015,ATHS:ETAC_Low.ETACS_LR.AE_LF015,0
ATHS,AE_LF016,ATHS:ETAC_Low.ETACS_LR.AE_LF016,0
ATHS,AE_LF017,ATHS:ETAC_Low.ETACS_LR.AE_LF017,0
ATHS,AE_LF018,ATHS:ETAC_Low.ETACS_LR.AE_LF018,0
ATHS,AE_LF019,ATHS:ETAC_Low.ETACS_LR.AE_LF019,0
ATHS,AE_LF020,ATHS:ETAC_Low.ETACS_LR.AE_LF020,0
ATHS,AE_LF021,ATHS:ETAC_Low.ETACS_LR.AE_LF021,0
ATHS,AE_LF022,ATHS:ETAC_Low.ETACS_LR.AE_LF022,0
ATHS,AE_LF023,ATHS:ETAC_Low.ETACS_LR.AE_LF023,0
ATHS,AE_LF024,ATHS:ETAC_Low.ETACS_LR.AE_LF024,0
ATHS,AE_LF025,ATHS:ETAC_Low.ETACS_LR.AE_LF025,0
ATHS,AE_LF026,ATHS:ETAC_Low.ETACS_LR.AE_LF026,0
ATHS,AE_LF027,ATHS:ETAC_Low.ETACS_LR.AE_LF027,0
ATHS,AE_LF028,ATHS:ETAC_Low.ETACS_LR.AE_LF028,0
ATHS,AE_LF029,ATHS:ETAC_Low.ETACS_LR.AE_LF029,0
ATHS,AE_LF030,ATHS:ETAC_Low.ETACS_LR.AE_LF030,0
ATHS,AE_LF031,ATHS:ETAC_Low.ETACS_LR.AE_LF031,0
ATHS,AE_LF032,ATHS:ETAC_Low.ETACS_LR.AE_LF032,0
ATHS,AE_LF033,ATHS:ETAC_Low.ETACS_LR.AE_LF033,0
ATHS,AE_LF034,ATHS:ETAC_Low.ETACS_LR.AE_LF034,0
ATHS,AE_LF035,ATHS:ETAC_Low.ETACS_LR.AE_LF035,0
ATHS,AE_LF036,ATHS:ETAC_Low.ETACS_LR.AE_LF036,0
ATHS,AE_LF037,ATHS:ETAC_Low.ETACS_LR.AE_LF037,0
ATHS,AE_LF038,ATHS:ETAC_Low.ETACS_LR.AE_LF038,0
ATHS,AE_LF039,ATHS:ETAC_Low.ETACS_LR.AE_LF039,0
ATHS,AE_LF040,ATHS:ETAC_Low.ETACS_LR.AE_LF040,0
ATHS,AE_LF041,ATHS:ETAC_Low.ETACS_LR.AE_LF041,0
ATHS,AE_LF042,ATHS:ETAC_Low.ETACS_LR.AE_LF042,0
ATHS,AE_LF043,ATHS:ETAC_Low.ETACS_LR.AE_LF043,0
ATHS,Motor003,ATHS:ETAC_Low.ETACS_LR.Motor003,0
ATHS,LOUT_001,ATHS:ETAC_Low.LowUTurn.LOUT_001,0
ATHS,LOUT_002,ATHS:ETAC_Low.LowUTurn.LOUT_002,0
ATHS,AE_UB001,ATHS:ETAC_Upp.ETACS_UL.AE_UB001,0
ATHS,AE_UB002,ATHS:ETAC_Upp.ETACS_UL.AE_UB002,0
ATHS,AE_UB003,ATHS:ETAC_Upp.ETACS_UL.AE_UB003,0
ATHS,AE_UB004,ATHS:ETAC_Upp.ETACS_UL.AE_UB004,0
ATHS,AE_UB005,ATHS:ETAC_Upp.ETACS_UL.AE_UB005,0
ATHS,AE_UB006,ATHS:ETAC_Upp.ETACS_UL.AE_UB006,0
ATHS,AE_UB007,ATHS:ETAC_Upp.ETACS_UL.AE_UB007,0
ATHS,AE_UB008,ATHS:ETAC_Upp.ETACS_UL.AE_UB008,0
ATHS,AE_UB009,ATHS:ETAC_Upp.ETACS_UL.AE_UB009,0
ATHS,AE_UB010,ATHS:ETAC_Upp.ETACS_UL.AE_UB010,0
ATHS,AE_UB011,ATHS:ETAC_Upp.ETACS_UL.AE_UB011,0
ATHS,AE_UB012,ATHS:ETAC_Upp.ETACS_UL.AE_UB012,0
ATHS,AE_UB013,ATHS:ETAC_Upp.ETACS_UL.AE_UB013,0
ATHS,AE_UB014,ATHS:ETAC_Upp.ETACS_UL.AE_UB014,0
ATHS,AE_UB015,ATHS:ETAC_Upp.ETACS_UL.AE_UB015,0
ATHS,AE_UB016,ATHS:ETAC_Upp.ETACS_UL.AE_UB016,0
ATHS,AE_UB017,ATHS:ETAC_Upp.ETACS_UL.AE_UB017,0
ATHS,AE_UB018,ATHS:ETAC_Upp.ETACS_UL.AE_UB018,0
ATHS,AE_UB019,ATHS:ETAC_Upp.ETACS_UL.AE_UB019,0
ATHS,AE_UB020,ATHS:ETAC_Upp.ETACS_UL.AE_UB020,0
ATHS,AE_UB021,ATHS:ETAC_Upp.ETACS_UL.AE_UB021,0
ATHS,AE_UB022,ATHS:ETAC_Upp.ETACS_UL.AE_UB022,0
ATHS,AE_UB023,ATHS:ETAC_Upp.ETACS_UL.AE_UB023,0
ATHS,AE_UB024,ATHS:ETAC_Upp.ETACS_UL.AE_UB024,0
ATHS,AE_UB025,ATHS:ETAC_Upp.ETACS_UL.AE_UB025,0
ATHS,AE_UB026,ATHS:ETAC_Upp.ETACS_UL.AE_UB026,0
ATHS,AE_UB027,ATHS:ETAC_Upp.ETACS_UL.AE_UB027,0
ATHS,AE_UB028,ATHS:ETAC_Upp.ETACS_UL.AE_UB028,0
ATHS,AE_UB029,ATHS:ETAC_Upp.ETACS_UL.AE_UB029,0
ATHS,AE_UB030,ATHS:ETAC_Upp.ETACS_UL.AE_UB030,0
ATHS,AE_UB031,ATHS:ETAC_Upp.ETACS_UL.AE_UB031,0
ATHS,AE_UB032,ATHS:ETAC_Upp.ETACS_UL.AE_UB032,0
ATHS,AE_UB033,ATHS:ETAC_Upp.ETACS_UL.AE_UB033,0
ATHS,AE_UB034,ATHS:ETAC_Upp.ETACS_UL.AE_UB034,0
ATHS,AE_UB035,ATHS:ETAC_Upp.ETACS_UL.AE_UB035,0
ATHS,AE_UB036,ATHS:ETAC_Upp.ETACS_UL.AE_UB036,0
ATHS,AE_UB037,ATHS:ETAC_Upp.ETACS_UL.AE_UB037,0
ATHS,AE_UB038,ATHS:ETAC_Upp.ETACS_UL.AE_UB038,0
ATHS,AE_UB039,ATHS:ETAC_Upp.ETACS_UL.AE_UB039,0
ATHS,AE_UB040,ATHS:ETAC_Upp.ETACS_UL.AE_UB040,0
ATHS,AE_UB041,ATHS:ETAC_Upp.ETACS_UL.AE_UB041,0
ATHS,AE_UB042,ATHS:ETAC_Upp.ETACS_UL.AE_UB042,0
ATHS,AE_UB043,ATHS:ETAC_Upp.ETACS_UL.AE_UB043,0
ATHS,AE_UB044,ATHS:ETAC_Upp.ETACS_UL.AE_UB044,0
ATHS,AE_UB045,ATHS:ETAC_Upp.ETACS_UL.AE_UB045,0
ATHS,AE_UB046,ATHS:ETAC_Upp.ETACS_UL.AE_UB046,0
ATHS,AE_UB047,ATHS:ETAC_Upp.ETACS_UL.AE_UB047,0
ATHS,AE_UB048,ATHS:ETAC_Upp.ETACS_UL.AE_UB048,0
ATHS,AE_UB049,ATHS:ETAC_Upp.ETACS_UL.AE_UB049,0
ATHS,AE_UB050,ATHS:ETAC_Upp.ETACS_UL.AE_UB050,0
ATHS,AE_UB051,ATHS:ETAC_Upp.ETACS_UL.AE_UB051,0
ATHS,AE_UB052,ATHS:ETAC_Upp.ETACS_UL.AE_UB052,0
ATHS,AE_UB053,ATHS:ETAC_Upp.ETACS_UL.AE_UB053,0
ATHS,AE_UB054,ATHS:ETAC_Upp.ETACS_UL.AE_UB054,0
ATHS,AE_UB055,ATHS:ETAC_Upp.ETACS_UL.AE_UB055,0
ATHS,AE_UB056,ATHS:ETAC_Upp.ETACS_UL.AE_UB056,0
ATHS,AE_UB057,ATHS:ETAC_Upp.ETACS_UL.AE_UB057,0
ATHS,AE_UB058,ATHS:ETAC_Upp.ETACS_UL.AE_UB058,0
ATHS,AE_UB059,ATHS:ETAC_Upp.ETACS_UL.AE_UB059,0
ATHS,AE_UB060,ATHS:ETAC_Upp.ETACS_UL.AE_UB060,0
ATHS,AE_UB061,ATHS:ETAC_Upp.ETACS_UL.AE_UB061,0
ATHS,AE_UB062,ATHS:ETAC_Upp.ETACS_UL.AE_UB062,0
ATHS,AE_UB063,ATHS:ETAC_Upp.ETACS_UL.AE_UB063,0
ATHS,AE_UB064,ATHS:ETAC_Upp.ETACS_UL.AE_UB064,0
ATHS,AE_UB065,ATHS:ETAC_Upp.ETACS_UL.AE_UB065,0
ATHS,AE_UB066,ATHS:ETAC_Upp.ETACS_UL.AE_UB066,0
ATHS,AE_UB067,ATHS:ETAC_Upp.ETACS_UL.AE_UB067,0
ATHS,AE_UB068,ATHS:ETAC_Upp.ETACS_UL.AE_UB068,0
ATHS,AE_UB069,ATHS:ETAC_Upp.ETACS_UL.AE_UB069,0
ATHS,AE_UB070,ATHS:ETAC_Upp.ETACS_UL.AE_UB070,0
ATHS,AE_UB071,ATHS:ETAC_Upp.ETACS_UL.AE_UB071,0
ATHS,AE_UB072,ATHS:ETAC_Upp.ETACS_UL.AE_UB072,0
ATHS,AE_UB073,ATHS:ETAC_Upp.ETACS_UL.AE_UB073,0
ATHS,AE_UB074,ATHS:ETAC_Upp.ETACS_UL.AE_UB074,0
ATHS,AE_UB075,ATHS:ETAC_Upp.ETACS_UL.AE_UB075,0
ATHS,AE_UB076,ATHS:ETAC_Upp.ETACS_UL.AE_UB076,0
ATHS,AE_UB077,ATHS:ETAC_Upp.ETACS_UL.AE_UB077,0
ATHS,AE_UB078,ATHS:ETAC_Upp.ETACS_UL.AE_UB078,0
ATHS,Motor002,ATHS:ETAC_Upp.ETACS_UL.Motor002,0
ATHS,AE_UF001,ATHS:ETAC_Upp.ETACS_UR.AE_UF001,0
ATHS,AE_UF002,ATHS:ETAC_Upp.ETACS_UR.AE_UF002,0
ATHS,AE_UF003,ATHS:ETAC_Upp.ETACS_UR.AE_UF003,0
ATHS,AE_UF004,ATHS:ETAC_Upp.ETACS_UR.AE_UF004,0
ATHS,AE_UF005,ATHS:ETAC_Upp.ETACS_UR.AE_UF005,0
ATHS,AE_UF006,ATHS:ETAC_Upp.ETACS_UR.AE_UF006,0
ATHS,AE_UF007,ATHS:ETAC_Upp.ETACS_UR.AE_UF007,0
ATHS,AE_UF008,ATHS:ETAC_Upp.ETACS_UR.AE_UF008,0
ATHS,AE_UF009,ATHS:ETAC_Upp.ETACS_UR.AE_UF009,0
ATHS,AE_UF010,ATHS:ETAC_Upp.ETACS_UR.AE_UF010,0
ATHS,AE_UF011,ATHS:ETAC_Upp.ETACS_UR.AE_UF011,0
ATHS,AE_UF012,ATHS:ETAC_Upp.ETACS_UR.AE_UF012,0
ATHS,AE_UF013,ATHS:ETAC_Upp.ETACS_UR.AE_UF013,0
ATHS,AE_UF014,ATHS:ETAC_Upp.ETACS_UR.AE_UF014,0
ATHS,AE_UF015,ATHS:ETAC_Upp.ETACS_UR.AE_UF015,0
ATHS,AE_UF016,ATHS:ETAC_Upp.ETACS_UR.AE_UF016,0
ATHS,AE_UF017,ATHS:ETAC_Upp.ETACS_UR.AE_UF017,0
ATHS,AE_UF018,ATHS:ETAC_Upp.ETACS_UR.AE_UF018,0
ATHS,AE_UF019,ATHS:ETAC_Upp.ETACS_UR.AE_UF019,0
ATHS,AE_UF020,ATHS:ETAC_Upp.ETACS_UR.AE_UF020,0
ATHS,AE_UF021,ATHS:ETAC_Upp.ETACS_UR.AE_UF021,0
ATHS,AE_UF022,ATHS:ETAC_Upp.ETACS_UR.AE_UF022,0
ATHS,AE_UF023,ATHS:ETAC_Upp.ETACS_UR.AE_UF023,0
ATHS,AE_UF024,ATHS:ETAC_Upp.ETACS_UR.AE_UF024,0
ATHS,AE_UF025,ATHS:ETAC_Upp.ETACS_UR.AE_UF025,0
ATHS,AE_UF026,ATHS:ETAC_Upp.ETACS_UR.AE_UF026,0
ATHS,AE_UF027,ATHS:ETAC_Upp.ETACS_UR.AE_UF027,0
ATHS,AE_UF028,ATHS:ETAC_Upp.ETACS_UR.AE_UF028,0
ATHS,AE_UF029,ATHS:ETAC_Upp.ETACS_UR.AE_UF029,0
ATHS,AE_UF030,ATHS:ETAC_Upp.ETACS_UR.AE_UF030,0
ATHS,AE_UF031,ATHS:ETAC_Upp.ETACS_UR.AE_UF031,0
ATHS,AE_UF032,ATHS:ETAC_Upp.ETACS_UR.AE_UF032,0
ATHS,AE_UF033,ATHS:ETAC_Upp.ETACS_UR.AE_UF033,0
ATHS,AE_UF034,ATHS:ETAC_Upp.ETACS_UR.AE_UF034,0
ATHS,AE_UF035,ATHS:ETAC_Upp.ETACS_UR.AE_UF035,0
ATHS,AE_UF036,ATHS:ETAC_Upp.ETACS_UR.AE_UF036,0
ATHS,AE_UF037,ATHS:ETAC_Upp.ETACS_UR.AE_UF037,0
ATHS,AE_UF038,ATHS:ETAC_Upp.ETACS_UR.AE_UF038,0
ATHS,AE_UF039,ATHS:ETAC_Upp.ETACS_UR.AE_UF039,0
ATHS,AE_UF040,ATHS:ETAC_Upp.ETACS_UR.AE_UF040,0
ATHS,AE_UF041,ATHS:ETAC_Upp.ETACS_UR.AE_UF041,0
ATHS,AE_UF042,ATHS:ETAC_Upp.ETACS_UR.AE_UF042,0
ATHS,AE_UF043,ATHS:ETAC_Upp.ETACS_UR.AE_UF043,0
ATHS,AE_UF044,ATHS:ETAC_Upp.ETACS_UR.AE_UF044,0
ATHS,AE_UF045,ATHS:ETAC_Upp.ETACS_UR.AE_UF045,0
ATHS,AE_UF046,ATHS:ETAC_Upp.ETACS_UR.AE_UF046,0
ATHS,AE_UF047,ATHS:ETAC_Upp.ETACS_UR.AE_UF047,0
ATHS,AE_UF048,ATHS:ETAC_Upp.ETACS_UR.AE_UF048,0
ATHS,AE_UF049,ATHS:ETAC_Upp.ETACS_UR.AE_UF049,0
ATHS,AE_UF050,ATHS:ETAC_Upp.ETACS_UR.AE_UF050,0
ATHS,AE_UF051,ATHS:ETAC_Upp.ETACS_UR.AE_UF051,0
ATHS,AE_UF052,ATHS:ETAC_Upp.ETACS_UR.AE_UF052,0
ATHS,AE_UF053,ATHS:ETAC_Upp.ETACS_UR.AE_UF053,0
ATHS,AE_UF054,ATHS:ETAC_Upp.ETACS_UR.AE_UF054,0
ATHS,AE_UF055,ATHS:ETAC_Upp.ETACS_UR.AE_UF055,0
ATHS,AE_UF056,ATHS:ETAC_Upp.ETACS_UR.AE_UF056,0
ATHS,AE_UF057,ATHS:ETAC_Upp.ETACS_UR.AE_UF057,0
ATHS,AE_UF058,ATHS:ETAC_Upp.ETACS_UR.AE_UF058,0
ATHS,AE_UF059,ATHS:ETAC_Upp.ETACS_UR.AE_UF059,0
ATHS,AE_UF060,ATHS:ETAC_Upp.ETACS_UR.AE_UF060,0
ATHS,AE_UF061,ATHS:ETAC_Upp.ETACS_UR.AE_UF061,0
ATHS,AE_UF062,ATHS:ETAC_Upp.ETACS_UR.AE_UF062,0
ATHS,AE_UF063,ATHS:ETAC_Upp.ETACS_UR.AE_UF063,0
ATHS,AE_UF064,ATHS:ETAC_Upp.ETACS_UR.AE_UF064,0
ATHS,AE_UF065,ATHS:ETAC_Upp.ETACS_UR.AE_UF065,0
ATHS,AE_UF066,ATHS:ETAC_Upp.ETACS_UR.AE_UF066,0
ATHS,AE_UF067,ATHS:ETAC_Upp.ETACS_UR.AE_UF067,0
ATHS,AE_UF068,ATHS:ETAC_Upp.ETACS_UR.AE_UF068,0
ATHS,AE_UF069,ATHS:ETAC_Upp.ETACS_UR.AE_UF069,0
ATHS,AE_UF070,ATHS:ETAC_Upp.ETACS_UR.AE_UF070,0
ATHS,AE_UF071,ATHS:ETAC_Upp.ETACS_UR.AE_UF071,0
ATHS,AE_UF072,ATHS:ETAC_Upp.ETACS_UR.AE_UF072,0
ATHS,AE_UF073,ATHS:ETAC_Upp.ETACS_UR.AE_UF073,0
ATHS,AE_UF074,ATHS:ETAC_Upp.ETACS_UR.AE_UF074,0
ATHS,AE_UF075,ATHS:ETAC_Upp.ETACS_UR.AE_UF075,0
ATHS,AE_UF076,ATHS:ETAC_Upp.ETACS_UR.AE_UF076,0
ATHS,AE_UF077,ATHS:ETAC_Upp.ETACS_UR.AE_UF077,0
ATHS,AE_UF078,ATHS:ETAC_Upp.ETACS_UR.AE_UF078,0
ATHS,Motor001,ATHS:ETAC_Upp.ETACS_UR.Motor001,0
ATHS,UPUT_001,ATHS:ETAC_Upp.UppUTurn.UPUT_001,0
ATHS,UPUT_002,ATHS:ETAC_Upp.UppUTurn.UPUT_002,0
ATHS,DT_LB001,ATHS:ETACS_LL.AE_LB001.DT_LB001,0
ATHS,SD_LB001,ATHS:ETACS_LL.AE_LB001.SD_LB001,0
ATHS,DT_LB002,ATHS:ETACS_LL.AE_LB002.DT_LB002,0
ATHS,SD_LB002,ATHS:ETACS_LL.AE_LB002.SD_LB002,0
ATHS,DT_LB003,ATHS:ETACS_LL.AE_LB003.DT_LB003,0
ATHS,SD_LB003,ATHS:ETACS_LL.AE_LB003.SD_LB003,0
ATHS,DT_LB004,ATHS:ETACS_LL.AE_LB004.DT_LB004,0
ATHS,SD_LB004,ATHS:ETACS_LL.AE_LB004.SD_LB004,0
ATHS,DT_LB005,ATHS:ETACS_LL.AE_LB005.DT_LB005,0
ATHS,SD_LB005,ATHS:ETACS_LL.AE_LB005.SD_LB005,0
ATHS,DT_LB006,ATHS:ETACS_LL.AE_LB006.DT_LB006,0
ATHS,SD_LB006,ATHS:ETACS_LL.AE_LB006.SD_LB006,0
ATHS,DT_LB007,ATHS:ETACS_LL.AE_LB007.DT_LB007,0
ATHS,SD_LB007,ATHS:ETACS_LL.AE_LB007.SD_LB007,0
ATHS,DT_LB008,ATHS:ETACS_LL.AE_LB008.DT_LB008,0
ATHS,SD_LB008,ATHS:ETACS_LL.AE_LB008.SD_LB008,0
ATHS,DT_LB009,ATHS:ETACS_LL.AE_LB009.DT_LB009,0
ATHS,SD_LB009,ATHS:ETACS_LL.AE_LB009.SD_LB009,0
ATHS,DT_LB010,ATHS:ETACS_LL.AE_LB010.DT_LB010,0
ATHS,SD_LB010,ATHS:ETACS_LL.AE_LB010.SD_LB010,0
ATHS,DT_LB011,ATHS:ETACS_LL.AE_LB011.DT_LB011,0
ATHS,SD_LB011,ATHS:ETACS_LL.AE_LB011.SD_LB011,0
ATHS,DT_LB012,ATHS:ETACS_LL.AE_LB012.DT_LB012,0
ATHS,SD_LB012,ATHS:ETACS_LL.AE_LB012.SD_LB012,0
ATHS,DT_LB013,ATHS:ETACS_LL.AE_LB013.DT_LB013,0
ATHS,SD_LB013,ATHS:ETACS_LL.AE_LB013.SD_LB013,0
ATHS,DT_LB014,ATHS:ETACS_LL.AE_LB014.DT_LB014,0
ATHS,SD_LB014,ATHS:ETACS_LL.AE_LB014.SD_LB014,0
ATHS,DT_LB015,ATHS:ETACS_LL.AE_LB015.DT_LB015,0
ATHS,SD_LB015,ATHS:ETACS_LL.AE_LB015.SD_LB015,0
ATHS,DT_LB016,ATHS:ETACS_LL.AE_LB016.DT_LB016,0
ATHS,SD_LB016,ATHS:ETACS_LL.AE_LB016.SD_LB016,0
ATHS,DT_LB017,ATHS:ETACS_LL.AE_LB017.DT_LB017,0
ATHS,SD_LB017,ATHS:ETACS_LL.AE_LB017.SD_LB017,0
ATHS,DT_LB018,ATHS:ETACS_LL.AE_LB018.DT_LB018,0
ATHS,SD_LB018,ATHS:ETACS_LL.AE_LB018.SD_LB018,0
ATHS,DT_LB019,ATHS:ETACS_LL.AE_LB019.DT_LB019,0
ATHS,SD_LB019,ATHS:ETACS_LL.AE_LB019.SD_LB019,0
ATHS,DT_LB020,ATHS:ETACS_LL.AE_LB020.DT_LB020,0
ATHS,SD_LB020,ATHS:ETACS_LL.AE_LB020.SD_LB020,0
ATHS,DT_LB021,ATHS:ETACS_LL.AE_LB021.DT_LB021,0
ATHS,SD_LB021,ATHS:ETACS_LL.AE_LB021.SD_LB021,0
ATHS,DT_LB022,ATHS:ETACS_LL.AE_LB022.DT_LB022,0
ATHS,SD_LB022,ATHS:ETACS_LL.AE_LB022.SD_LB022,0
ATHS,DT_LB023,ATHS:ETACS_LL.AE_LB023.DT_LB023,0
ATHS,SD_LB023,ATHS:ETACS_LL.AE_LB023.SD_LB023,0
ATHS,DT_LB024,ATHS:ETACS_LL.AE_LB024.DT_LB024,0
ATHS,SD_LB024,ATHS:ETACS_LL.AE_LB024.SD_LB024,0
ATHS,DT_LB025,ATHS:ETACS_LL.AE_LB025.DT_LB025,0
ATHS,SD_LB025,ATHS:ETACS_LL.AE_LB025.SD_LB025,0
ATHS,DT_LB026,ATHS:ETACS_LL.AE_LB026.DT_LB026,0
ATHS,SD_LB026,ATHS:ETACS_LL.AE_LB026.SD_LB026,0
ATHS,DT_LB027,ATHS:ETACS_LL.AE_LB027.DT_LB027,0
ATHS,SD_LB027,ATHS:ETACS_LL.AE_LB027.SD_LB027,0
ATHS,DT_LB028,ATHS:ETACS_LL.AE_LB028.DT_LB028,0
ATHS,SD_LB028,ATHS:ETACS_LL.AE_LB028.SD_LB028,0
ATHS,DT_LB029,ATHS:ETACS_LL.AE_LB029.DT_LB029,0
ATHS,SD_LB029,ATHS:ETACS_LL.AE_LB029.SD_LB029,0
ATHS,DT_LB030,ATHS:ETACS_LL.AE_LB030.DT_LB030,0
ATHS,SD_LB030,ATHS:ETACS_LL.AE_LB030.SD_LB030,0
ATHS,DT_LB031,ATHS:ETACS_LL.AE_LB031.DT_LB031,0
ATHS,SD_LB031,ATHS:ETACS_LL.AE_LB031.SD_LB031,0
ATHS,DT_LB032,ATHS:ETACS_LL.AE_LB032.DT_LB032,0
ATHS,SD_LB032,ATHS:ETACS_LL.AE_LB032.SD_LB032,0
ATHS,DT_LB033,ATHS:ETACS_LL.AE_LB033.DT_LB033,0
ATHS,SD_LB033,ATHS:ETACS_LL.AE_LB033.SD_LB033,0
ATHS,SD_LB034,ATHS:ETACS_LL.AE_LB034.SD_LB034,0
ATHS,DT_LF001,ATHS:ETACS_LR.AE_LF001.DT_LF001,0
ATHS,SD_LF001,ATHS:ETACS_LR.AE_LF001.SD_LF001,0
ATHS,DT_LF002,ATHS:ETACS_LR.AE_LF002.DT_LF002,0
ATHS,SD_LF002,ATHS:ETACS_LR.AE_LF002.SD_LF002,0
ATHS,DT_LF003,ATHS:ETACS_LR.AE_LF003.DT_LF003,0
ATHS,SD_LF003,ATHS:ETACS_LR.AE_LF003.SD_LF003,0
ATHS,DT_LF004,ATHS:ETACS_LR.AE_LF004.DT_LF004,0
ATHS,SD_LF004,ATHS:ETACS_LR.AE_LF004.SD_LF004,0
ATHS,DT_LF005,ATHS:ETACS_LR.AE_LF005.DT_LF005,0
ATHS,SD_LF005,ATHS:ETACS_LR.AE_LF005.SD_LF005,0
ATHS,DT_LF006,ATHS:ETACS_LR.AE_LF006.DT_LF006,0
ATHS,SD_LF006,ATHS:ETACS_LR.AE_LF006.SD_LF006,0
ATHS,DT_LF007,ATHS:ETACS_LR.AE_LF007.DT_LF007,0
ATHS,SD_LF007,ATHS:ETACS_LR.AE_LF007.SD_LF007,0
ATHS,DT_LF008,ATHS:ETACS_LR.AE_LF008.DT_LF008,0
ATHS,SD_LF008,ATHS:ETACS_LR.AE_LF008.SD_LF008,0
ATHS,DT_LF009,ATHS:ETACS_LR.AE_LF009.DT_LF009,0
ATHS,SD_LF009,ATHS:ETACS_LR.AE_LF009.SD_LF009,0
ATHS,DT_LF010,ATHS:ETACS_LR.AE_LF010.DT_LF010,0
ATHS,SD_LF010,ATHS:ETACS_LR.AE_LF010.SD_LF010,0
ATHS,DT_LF011,ATHS:ETACS_LR.AE_LF011.DT_LF011,0
ATHS,SD_LF011,ATHS:ETACS_LR.AE_LF011.SD_LF011,0
ATHS,DT_LF012,ATHS:ETACS_LR.AE_LF012.DT_LF012,0
ATHS,SD_LF012,ATHS:ETACS_LR.AE_LF012.SD_LF012,0
ATHS,DT_LF013,ATHS:ETACS_LR.AE_LF013.DT_LF013,0
ATHS,SD_LF013,ATHS:ETACS_LR.AE_LF013.SD_LF013,0
ATHS,DT_LF014,ATHS:ETACS_LR.AE_LF014.DT_LF014,0
ATHS,SD_LF014,ATHS:ETACS_LR.AE_LF014.SD_LF014,0
ATHS,DT_LF015,ATHS:ETACS_LR.AE_LF015.DT_LF015,0
ATHS,SD_LF015,ATHS:ETACS_LR.AE_LF015.SD_LF015,0
ATHS,DT_LF016,ATHS:ETACS_LR.AE_LF016.DT_LF016,0
ATHS,SD_LF016,ATHS:ETACS_LR.AE_LF016.SD_LF016,0
ATHS,DT_LF017,ATHS:ETACS_LR.AE_LF017.DT_LF017,0
ATHS,SD_LF017,ATHS:ETACS_LR.AE_LF017.SD_LF017,0
ATHS,DT_LF018,ATHS:ETACS_LR.AE_LF018.DT_LF018,0
ATHS,SD_LF018,ATHS:ETACS_LR.AE_LF018.SD_LF018,0
ATHS,DT_LF019,ATHS:ETACS_LR.AE_LF019.DT_LF019,0
ATHS,SD_LF019,ATHS:ETACS_LR.AE_LF019.SD_LF019,0
ATHS,DT_LF020,ATHS:ETACS_LR.AE_LF020.DT_LF020,0
ATHS,SD_LF020,ATHS:ETACS_LR.AE_LF020.SD_LF020,0
ATHS,DT_LF021,ATHS:ETACS_LR.AE_LF021.DT_LF021,0
ATHS,SD_LF021,ATHS:ETACS_LR.AE_LF021.SD_LF021,0
ATHS,DT_LF022,ATHS:ETACS_LR.AE_LF022.DT_LF022,0
ATHS,SD_LF022,ATHS:ETACS_LR.AE_LF022.SD_LF022,0
ATHS,DT_LF023,ATHS:ETACS_LR.AE_LF023.DT_LF023,0
ATHS,SD_LF023,ATHS:ETACS_LR.AE_LF023.SD_LF023,0
ATHS,DT_LF024,ATHS:ETACS_LR.AE_LF024.DT_LF024,0
ATHS,SD_LF024,ATHS:ETACS_LR.AE_LF024.SD_LF024,0
ATHS,DT_LF025,ATHS:ETACS_LR.AE_LF025.DT_LF025,0
ATHS,SD_LF025,ATHS:ETACS_LR.AE_LF025.SD_LF025,0
ATHS,DT_LF026,ATHS:ETACS_LR.AE_LF026.DT_LF026,0
ATHS,SD_LF026,ATHS:ETACS_LR.AE_LF026.SD_LF026,0
ATHS,DT_LF027,ATHS:ETACS_LR.AE_LF027.DT_LF027,0
ATHS,SD_LF027,ATHS:ETACS_LR.AE_LF027.SD_LF027,0
ATHS,DT_LF028,ATHS:ETACS_LR.AE_LF028.DT_LF028,0
ATHS,SD_LF028,ATHS:ETACS_LR.AE_LF028.SD_LF028,0
ATHS,DT_LF029,ATHS:ETACS_LR.AE_LF029.DT_LF029,0
ATHS,SD_LF029,ATHS:ETACS_LR.AE_LF029.SD_LF029,0
ATHS,DT_LF030,ATHS:ETACS_LR.AE_LF030.DT_LF030,0
ATHS,SD_LF030,ATHS:ETACS_LR.AE_LF030.SD_LF030,0
ATHS,DT_LF031,ATHS:ETACS_LR.AE_LF031.DT_LF031,0
ATHS,SD_LF031,ATHS:ETACS_LR.AE_LF031.SD_LF031,0
ATHS,DT_LF032,ATHS:ETACS_LR.AE_LF032.DT_LF032,0
ATHS,SD_LF032,ATHS:ETACS_LR.AE_LF032.SD_LF032,0
ATHS,DT_LF033,ATHS:ETACS_LR.AE_LF033.DT_LF033,0
ATHS,SD_LF033,ATHS:ETACS_LR.AE_LF033.SD_LF033,0
ATHS,DT_LF034,ATHS:ETACS_LR.AE_LF034.DT_LF034,0
ATHS,SD_LF034,ATHS:ETACS_LR.AE_LF034.SD_LF034,0
ATHS,DT_LF035,ATHS:ETACS_LR.AE_LF035.DT_LF035,0
ATHS,SD_LF035,ATHS:ETACS_LR.AE_LF035.SD_LF035,0
ATHS,DT_LF036,ATHS:ETACS_LR.AE_LF036.DT_LF036,0
ATHS,SD_LF036,ATHS:ETACS_LR.AE_LF036.SD_LF036,0
ATHS,DT_LF037,ATHS:ETACS_LR.AE_LF037.DT_LF037,0
ATHS,SD_LF037,ATHS:ETACS_LR.AE_LF037.SD_LF037,0
ATHS,DT_LF038,ATHS:ETACS_LR.AE_LF038.DT_LF038,0
ATHS,SD_LF038,ATHS:ETACS_LR.AE_LF038.SD_LF038,0
ATHS,DT_LF039,ATHS:ETACS_LR.AE_LF039.DT_LF039,0
ATHS,SD_LF039,ATHS:ETACS_LR.AE_LF039.SD_LF039,0
ATHS,DT_LF040,ATHS:ETACS_LR.AE_LF040.DT_LF040,0
ATHS,SD_LF040,ATHS:ETACS_LR.AE_LF040.SD_LF040,0
ATHS,DT_LF041,ATHS:ETACS_LR.AE_LF041.DT_LF041,0
ATHS,SD_LF041,ATHS:ETACS_LR.AE_LF041.SD_LF041,0
ATHS,DT_LF042,ATHS:ETACS_LR.AE_LF042.DT_LF042,0
ATHS,SD_LF042,ATHS:ETACS_LR.AE_LF042.SD_LF042,0
ATHS,DT_UB001,ATHS:ETACS_UL.AE_UB001.DT_UB001,0
ATHS,SD_UB001,ATHS:ETACS_UL.AE_UB001.SD_UB001,0
ATHS,DT_UB002,ATHS:ETACS_UL.AE_UB002.DT_UB002,0
ATHS,SD_UB002,ATHS:ETACS_UL.AE_UB002.SD_UB002,0
ATHS,DT_UB003,ATHS:ETACS_UL.AE_UB003.DT_UB003,0
ATHS,SD_UB003,ATHS:ETACS_UL.AE_UB003.SD_UB003,0
ATHS,DT_UB004,ATHS:ETACS_UL.AE_UB004.DT_UB004,0
ATHS,SD_UB004,ATHS:ETACS_UL.AE_UB004.SD_UB004,0
ATHS,DT_UB005,ATHS:ETACS_UL.AE_UB005.DT_UB005,0
ATHS,SD_UB005,ATHS:ETACS_UL.AE_UB005.SD_UB005,0
ATHS,DT_UB006,ATHS:ETACS_UL.AE_UB006.DT_UB006,0
ATHS,SD_UB006,ATHS:ETACS_UL.AE_UB006.SD_UB006,0
ATHS,DT_UB007,ATHS:ETACS_UL.AE_UB007.DT_UB007,0
ATHS,SD_UB007,ATHS:ETACS_UL.AE_UB007.SD_UB007,0
ATHS,DT_UB008,ATHS:ETACS_UL.AE_UB008.DT_UB008,0
ATHS,SD_UB008,ATHS:ETACS_UL.AE_UB008.SD_UB008,0
ATHS,DT_UB009,ATHS:ETACS_UL.AE_UB009.DT_UB009,0
ATHS,SD_UB009,ATHS:ETACS_UL.AE_UB009.SD_UB009,0
ATHS,DT_UB010,ATHS:ETACS_UL.AE_UB010.DT_UB010,0
ATHS,SD_UB010,ATHS:ETACS_UL.AE_UB010.SD_UB010,0
ATHS,DT_UB011,ATHS:ETACS_UL.AE_UB011.DT_UB011,0
ATHS,SD_UB011,ATHS:ETACS_UL.AE_UB011.SD_UB011,0
ATHS,DT_UB012,ATHS:ETACS_UL.AE_UB012.DT_UB012,0
ATHS,SD_UB012,ATHS:ETACS_UL.AE_UB012.SD_UB012,0
ATHS,DT_UB013,ATHS:ETACS_UL.AE_UB013.DT_UB013,0
ATHS,SD_UB013,ATHS:ETACS_UL.AE_UB013.SD_UB013,0
ATHS,DT_UB014,ATHS:ETACS_UL.AE_UB014.DT_UB014,0
ATHS,SD_UB014,ATHS:ETACS_UL.AE_UB014.SD_UB014,0
ATHS,DT_UB015,ATHS:ETACS_UL.AE_UB015.DT_UB015,0
ATHS,SD_UB015,ATHS:ETACS_UL.AE_UB015.SD_UB015,0
ATHS,DT_UB016,ATHS:ETACS_UL.AE_UB016.DT_UB016,0
ATHS,SD_UB016,ATHS:ETACS_UL.AE_UB016.SD_UB016,0
ATHS,DT_UB017,ATHS:ETACS_UL.AE_UB017.DT_UB017,0
ATHS,SD_UB017,ATHS:ETACS_UL.AE_UB017.SD_UB017,0
ATHS,DT_UB018,ATHS:ETACS_UL.AE_UB018.DT_UB018,0
ATHS,SD_UB018,ATHS:ETACS_UL.AE_UB018.SD_UB018,0
ATHS,DT_UB019,ATHS:ETACS_UL.AE_UB019.DT_UB019,0
ATHS,SD_UB019,ATHS:ETACS_UL.AE_UB019.SD_UB019,0
ATHS,DT_UB020,ATHS:ETACS_UL.AE_UB020.DT_UB020,0
ATHS,SD_UB020,ATHS:ETACS_UL.AE_UB020.SD_UB020,0
ATHS,DT_UB021,ATHS:ETACS_UL.AE_UB021.DT_UB021,0
ATHS,SD_UB021,ATHS:ETACS_UL.AE_UB021.SD_UB021,0
ATHS,DT_UB022,ATHS:ETACS_UL.AE_UB022.DT_UB022,0
ATHS,SD_UB022,ATHS:ETACS_UL.AE_UB022.SD_UB022,0
ATHS,DT_UB023,ATHS:ETACS_UL.AE_UB023.DT_UB023,0
ATHS,SD_UB023,ATHS:ETACS_UL.AE_UB023.SD_UB023,0
ATHS,DT_UB024,ATHS:ETACS_UL.AE_UB024.DT_UB024,0
ATHS,SD_UB024,ATHS:ETACS_UL.AE_UB024.SD_UB024,0
ATHS,DT_UB025,ATHS:ETACS_UL.AE_UB025.DT_UB025,0
ATHS,SD_UB025,ATHS:ETACS_UL.AE_UB025.SD_UB025,0
ATHS,DT_UB026,ATHS:ETACS_UL.AE_UB026.DT_UB026,0
ATHS,SD_UB026,ATHS:ETACS_UL.AE_UB026.SD_UB026,0
ATHS,DT_UB027,ATHS:ETACS_UL.AE_UB027.DT_UB027,0
ATHS,SD_UB027,ATHS:ETACS_UL.AE_UB027.SD_UB027,0
ATHS,DT_UB028,ATHS:ETACS_UL.AE_UB028.DT_UB028,0
ATHS,SD_UB028,ATHS:ETACS_UL.AE_UB028.SD_UB028,0
ATHS,DT_UB029,ATHS:ETACS_UL.AE_UB029.DT_UB029,0
ATHS,SD_UB029,ATHS:ETACS_UL.AE_UB029.SD_UB029,0
ATHS,DT_UB030,ATHS:ETACS_UL.AE_UB030.DT_UB030,0
ATHS,SD_UB030,ATHS:ETACS_UL.AE_UB030.SD_UB030,0
ATHS,DT_UB031,ATHS:ETACS_UL.AE_UB031.DT_UB031,0
ATHS,SD_UB031,ATHS:ETACS_UL.AE_UB031.SD_UB031,0
ATHS,DT_UB032,ATHS:ETACS_UL.AE_UB032.DT_UB032,0
ATHS,SD_UB032,ATHS:ETACS_UL.AE_UB032.SD_UB032,0
ATHS,DT_UB033,ATHS:ETACS_UL.AE_UB033.DT_UB033,0
ATHS,SD_UB033,ATHS:ETACS_UL.AE_UB033.SD_UB033,0
ATHS,DT_UB034,ATHS:ETACS_UL.AE_UB034.DT_UB034,0
ATHS,SD_UB034,ATHS:ETACS_UL.AE_UB034.SD_UB034,0
ATHS,DT_UB035,ATHS:ETACS_UL.AE_UB035.DT_UB035,0
ATHS,SD_UB035,ATHS:ETACS_UL.AE_UB035.SD_UB035,0
ATHS,DT_UB036,ATHS:ETACS_UL.AE_UB036.DT_UB036,0
ATHS,SD_UB036,ATHS:ETACS_UL.AE_UB036.SD_UB036,0
ATHS,DT_UB037,ATHS:ETACS_UL.AE_UB037.DT_UB037,0
ATHS,SD_UB037,ATHS:ETACS_UL.AE_UB037.SD_UB037,0
ATHS,DT_UB038,ATHS:ETACS_UL.AE_UB038.DT_UB038,0
ATHS,SD_UB038,ATHS:ETACS_UL.AE_UB038.SD_UB038,0
ATHS,DT_UB039,ATHS:ETACS_UL.AE_UB039.DT_UB039,0
ATHS,SD_UB039,ATHS:ETACS_UL.AE_UB039.SD_UB039,0
ATHS,DT_UB040,ATHS:ETACS_UL.AE_UB040.DT_UB040,0
ATHS,SD_UB040,ATHS:ETACS_UL.AE_UB040.SD_UB040,0
ATHS,DT_UB041,ATHS:ETACS_UL.AE_UB041.DT_UB041,0
ATHS,SD_UB041,ATHS:ETACS_UL.AE_UB041.SD_UB041,0
ATHS,DT_UB042,ATHS:ETACS_UL.AE_UB042.DT_UB042,0
ATHS,SD_UB042,ATHS:ETACS_UL.AE_UB042.SD_UB042,0
ATHS,DT_UB043,ATHS:ETACS_UL.AE_UB043.DT_UB043,0
ATHS,SD_UB043,ATHS:ETACS_UL.AE_UB043.SD_UB043,0
ATHS,DT_UB044,ATHS:ETACS_UL.AE_UB044.DT_UB044,0
ATHS,SD_UB044,ATHS:ETACS_UL.AE_UB044.SD_UB044,0
ATHS,DT_UB045,ATHS:ETACS_UL.AE_UB045.DT_UB045,0
ATHS,SD_UB045,ATHS:ETACS_UL.AE_UB045.SD_UB045,0
ATHS,DT_UB046,ATHS:ETACS_UL.AE_UB046.DT_UB046,0
ATHS,SD_UB046,ATHS:ETACS_UL.AE_UB046.SD_UB046,0
ATHS,DT_UB047,ATHS:ETACS_UL.AE_UB047.DT_UB047,0
ATHS,SD_UB047,ATHS:ETACS_UL.AE_UB047.SD_UB047,0
ATHS,DT_UB048,ATHS:ETACS_UL.AE_UB048.DT_UB048,0
ATHS,SD_UB048,ATHS:ETACS_UL.AE_UB048.SD_UB048,0
ATHS,DT_UB049,ATHS:ETACS_UL.AE_UB049.DT_UB049,0
ATHS,SD_UB049,ATHS:ETACS_UL.AE_UB049.SD_UB049,0
ATHS,DT_UB050,ATHS:ETACS_UL.AE_UB050.DT_UB050,0
ATHS,SD_UB050,ATHS:ETACS_UL.AE_UB050.SD_UB050,0
ATHS,DT_UB051,ATHS:ETACS_UL.AE_UB051.DT_UB051,0
ATHS,SD_UB051,ATHS:ETACS_UL.AE_UB051.SD_UB051,0
ATHS,DT_UB052,ATHS:ETACS_UL.AE_UB052.DT_UB052,0
ATHS,SD_UB052,ATHS:ETACS_UL.AE_UB052.SD_UB052,0
ATHS,DT_UB053,ATHS:ETACS_UL.AE_UB053.DT_UB053,0
ATHS,SD_UB053,ATHS:ETACS_UL.AE_UB053.SD_UB053,0
ATHS,DT_UB054,ATHS:ETACS_UL.AE_UB054.DT_UB054,0
ATHS,SD_UB054,ATHS:ETACS_UL.AE_UB054.SD_UB054,0
ATHS,DT_UB055,ATHS:ETACS_UL.AE_UB055.DT_UB055,0
ATHS,SD_UB055,ATHS:ETACS_UL.AE_UB055.SD_UB055,0
ATHS,DT_UB056,ATHS:ETACS_UL.AE_UB056.DT_UB056,0
ATHS,SD_UB056,ATHS:ETACS_UL.AE_UB056.SD_UB056,0
ATHS,DT_UB057,ATHS:ETACS_UL.AE_UB057.DT_UB057,0
ATHS,SD_UB057,ATHS:ETACS_UL.AE_UB057.SD_UB057,0
ATHS,DT_UB058,ATHS:ETACS_UL.AE_UB058.DT_UB058,0
ATHS,SD_UB058,ATHS:ETACS_UL.AE_UB058.SD_UB058,0
ATHS,DT_UB059,ATHS:ETACS_UL.AE_UB059.DT_UB059,0
ATHS,SD_UB059,ATHS:ETACS_UL.AE_UB059.SD_UB059,0
ATHS,DT_UB060,ATHS:ETACS_UL.AE_UB060.DT_UB060,0
ATHS,SD_UB060,ATHS:ETACS_UL.AE_UB060.SD_UB060,0
ATHS,DT_UB061,ATHS:ETACS_UL.AE_UB061.DT_UB061,0
ATHS,SD_UB061,ATHS:ETACS_UL.AE_UB061.SD_UB061,0
ATHS,DT_UB062,ATHS:ETACS_UL.AE_UB062.DT_UB062,0
ATHS,SD_UB062,ATHS:ETACS_UL.AE_UB062.SD_UB062,0
ATHS,DT_UB063,ATHS:ETACS_UL.AE_UB063.DT_UB063,0
ATHS,SD_UB063,ATHS:ETACS_UL.AE_UB063.SD_UB063,0
ATHS,DT_UB064,ATHS:ETACS_UL.AE_UB064.DT_UB064,0
ATHS,SD_UB064,ATHS:ETACS_UL.AE_UB064.SD_UB064,0
ATHS,DT_UB065,ATHS:ETACS_UL.AE_UB065.DT_UB065,0
ATHS,SD_UB065,ATHS:ETACS_UL.AE_UB065.SD_UB065,0
ATHS,DT_UB066,ATHS:ETACS_UL.AE_UB066.DT_UB066,0
ATHS,SD_UB066,ATHS:ETACS_UL.AE_UB066.SD_UB066,0
ATHS,DT_UB067,ATHS:ETACS_UL.AE_UB067.DT_UB067,0
ATHS,SD_UB067,ATHS:ETACS_UL.AE_UB067.SD_UB067,0
ATHS,DT_UB068,ATHS:ETACS_UL.AE_UB068.DT_UB068,0
ATHS,SD_UB068,ATHS:ETACS_UL.AE_UB068.SD_UB068,0
ATHS,DT_UB069,ATHS:ETACS_UL.AE_UB069.DT_UB069,0
ATHS,SD_UB069,ATHS:ETACS_UL.AE_UB069.SD_UB069,0
ATHS,DT_UB070,ATHS:ETACS_UL.AE_UB070.DT_UB070,0
ATHS,SD_UB070,ATHS:ETACS_UL.AE_UB070.SD_UB070,0
ATHS,DT_UB071,ATHS:ETACS_UL.AE_UB071.DT_UB071,0
ATHS,SD_UB071,ATHS:ETACS_UL.AE_UB071.SD_UB071,0
ATHS,DT_UB072,ATHS:ETACS_UL.AE_UB072.DT_UB072,0
ATHS,SD_UB072,ATHS:ETACS_UL.AE_UB072.SD_UB072,0
ATHS,DT_UB073,ATHS:ETACS_UL.AE_UB073.DT_UB073,0
ATHS,SD_UB073,ATHS:ETACS_UL.AE_UB073.SD_UB073,0
ATHS,DT_UB074,ATHS:ETACS_UL.AE_UB074.DT_UB074,0
ATHS,SD_UB074,ATHS:ETACS_UL.AE_UB074.SD_UB074,0
ATHS,DT_UB075,ATHS:ETACS_UL.AE_UB075.DT_UB075,0
ATHS,SD_UB075,ATHS:ETACS_UL.AE_UB075.SD_UB075,0
ATHS,DT_UB076,ATHS:ETACS_UL.AE_UB076.DT_UB076,0
ATHS,SD_UB076,ATHS:ETACS_UL.AE_UB076.SD_UB076,0
ATHS,DT_UB077,ATHS:ETACS_UL.AE_UB077.DT_UB077,0
ATHS,SD_UB077,ATHS:ETACS_UL.AE_UB077.SD_UB077,0
ATHS,DT_UB078,ATHS:ETACS_UL.AE_UB078.DT_UB078,0
ATHS,SD_UB078,ATHS:ETACS_UL.AE_UB078.SD_UB078,0
ATHS,DT_UF001,ATHS:ETACS_UR.AE_UF001.DT_UF001,0
ATHS,SD_UF001,ATHS:ETACS_UR.AE_UF001.SD_UF001,0
ATHS,DT_UF002,ATHS:ETACS_UR.AE_UF002.DT_UF002,0
ATHS,SD_UF002,ATHS:ETACS_UR.AE_UF002.SD_UF002,0
ATHS,DT_UF003,ATHS:ETACS_UR.AE_UF003.DT_UF003,0
ATHS,SD_UF003,ATHS:ETACS_UR.AE_UF003.SD_UF003,0
ATHS,DT_UF004,ATHS:ETACS_UR.AE_UF004.DT_UF004,0
ATHS,SD_UF004,ATHS:ETACS_UR.AE_UF004.SD_UF004,0
ATHS,DT_UF005,ATHS:ETACS_UR.AE_UF005.DT_UF005,0
ATHS,SD_UF005,ATHS:ETACS_UR.AE_UF005.SD_UF005,0
ATHS,DT_UF006,ATHS:ETACS_UR.AE_UF006.DT_UF006,0
ATHS,SD_UF006,ATHS:ETACS_UR.AE_UF006.SD_UF006,0
ATHS,DT_UF007,ATHS:ETACS_UR.AE_UF007.DT_UF007,0
ATHS,SD_UF007,ATHS:ETACS_UR.AE_UF007.SD_UF007,0
ATHS,DT_UF008,ATHS:ETACS_UR.AE_UF008.DT_UF008,0
ATHS,SD_UF008,ATHS:ETACS_UR.AE_UF008.SD_UF008,0
ATHS,DT_UF009,ATHS:ETACS_UR.AE_UF009.DT_UF009,0
ATHS,SD_UF009,ATHS:ETACS_UR.AE_UF009.SD_UF009,0
ATHS,DT_UF010,ATHS:ETACS_UR.AE_UF010.DT_UF010,0
ATHS,SD_UF010,ATHS:ETACS_UR.AE_UF010.SD_UF010,0
ATHS,DT_UF011,ATHS:ETACS_UR.AE_UF011.DT_UF011,0
ATHS,SD_UF011,ATHS:ETACS_UR.AE_UF011.SD_UF011,0
ATHS,DT_UF012,ATHS:ETACS_UR.AE_UF012.DT_UF012,0
ATHS,SD_UF012,ATHS:ETACS_UR.AE_UF012.SD_UF012,0
ATHS,DT_UF013,ATHS:ETACS_UR.AE_UF013.DT_UF013,0
ATHS,SD_UF013,ATHS:ETACS_UR.AE_UF013.SD_UF013,0
ATHS,DT_UF014,ATHS:ETACS_UR.AE_UF014.DT_UF014,0
ATHS,SD_UF014,ATHS:ETACS_UR.AE_UF014.SD_UF014,0
ATHS,DT_UF015,ATHS:ETACS_UR.AE_UF015.DT_UF015,0
ATHS,SD_UF015,ATHS:ETACS_UR.AE_UF015.SD_UF015,0
ATHS,DT_UF016,ATHS:ETACS_UR.AE_UF016.DT_UF016,0
ATHS,SD_UF016,ATHS:ETACS_UR.AE_UF016.SD_UF016,0
ATHS,DT_UF017,ATHS:ETACS_UR.AE_UF017.DT_UF017,0
ATHS,SD_UF017,ATHS:ETACS_UR.AE_UF017.SD_UF017,0
ATHS,DT_UF018,ATHS:ETACS_UR.AE_UF018.DT_UF018,0
ATHS,SD_UF018,ATHS:ETACS_UR.AE_UF018.SD_UF018,0
ATHS,DT_UF019,ATHS:ETACS_UR.AE_UF019.DT_UF019,0
ATHS,SD_UF019,ATHS:ETACS_UR.AE_UF019.SD_UF019,0
ATHS,DT_UF020,ATHS:ETACS_UR.AE_UF020.DT_UF020,0
ATHS,SD_UF020,ATHS:ETACS_UR.AE_UF020.SD_UF020,0
ATHS,DT_UF021,ATHS:ETACS_UR.AE_UF021.DT_UF021,0
ATHS,SD_UF021,ATHS:ETACS_UR.AE_UF021.SD_UF021,0
ATHS,DT_UF022,ATHS:ETACS_UR.AE_UF022.DT_UF022,0
ATHS,SD_UF022,ATHS:ETACS_UR.AE_UF022.SD_UF022,0
ATHS,DT_UF023,ATHS:ETACS_UR.AE_UF023.DT_UF023,0
ATHS,SD_UF023,ATHS:ETACS_UR.AE_UF023.SD_UF023,0
ATHS,DT_UF024,ATHS:ETACS_UR.AE_UF024.DT_UF024,0
ATHS,SD_UF024,ATHS:ETACS_UR.AE_UF024.SD_UF024,0
ATHS,DT_UF025,ATHS:ETACS_UR.AE_UF025.DT_UF025,0
ATHS,SD_UF025,ATHS:ETACS_UR.AE_UF025.SD_UF025,0
ATHS,DT_UF026,ATHS:ETACS_UR.AE_UF026.DT_UF026,0
ATHS,SD_UF026,ATHS:ETACS_UR.AE_UF026.SD_UF026,0
ATHS,DT_UF027,ATHS:ETACS_UR.AE_UF027.DT_UF027,0
ATHS,SD_UF027,ATHS:ETACS_UR.AE_UF027.SD_UF027,0
ATHS,DT_UF028,ATHS:ETACS_UR.AE_UF028.DT_UF028,0
ATHS,SD_UF028,ATHS:ETACS_UR.AE_UF028.SD_UF028,0
ATHS,DT_UF029,ATHS:ETACS_UR.AE_UF029.DT_UF029,0
ATHS,SD_UF029,ATHS:ETACS_UR.AE_UF029.SD_UF029,0
ATHS,DT_UF030,ATHS:ETACS_UR.AE_UF030.DT_UF030,0
ATHS,SD_UF030,ATHS:ETACS_UR.AE_UF030.SD_UF030,0
ATHS,DT_UF031,ATHS:ETACS_UR.AE_UF031.DT_UF031,0
ATHS,SD_UF031,ATHS:ETACS_UR.AE_UF031.SD_UF031,0
ATHS,DT_UF032,ATHS:ETACS_UR.AE_UF032.DT_UF032,0
ATHS,SD_UF032,ATHS:ETACS_UR.AE_UF032.SD_UF032,0
ATHS,DT_UF033,ATHS:ETACS_UR.AE_UF033.DT_UF033,0
ATHS,SD_UF033,ATHS:ETACS_UR.AE_UF033.SD_UF033,0
ATHS,DT_UF034,ATHS:ETACS_UR.AE_UF034.DT_UF034,0
ATHS,SD_UF034,ATHS:ETACS_UR.AE_UF034.SD_UF034,0
ATHS,DT_UF035,ATHS:ETACS_UR.AE_UF035.DT_UF035,0
ATHS,SD_UF035,ATHS:ETACS_UR.AE_UF035.SD_UF035,0
ATHS,DT_UF036,ATHS:ETACS_UR.AE_UF036.DT_UF036,0
ATHS,SD_UF036,ATHS:ETACS_UR.AE_UF036.SD_UF036,0
ATHS,DT_UF037,ATHS:ETACS_UR.AE_UF037.DT_UF037,0
ATHS,SD_UF037,ATHS:ETACS_UR.AE_UF037.SD_UF037,0
ATHS,DT_UF038,ATHS:ETACS_UR.AE_UF038.DT_UF038,0
ATHS,SD_UF038,ATHS:ETACS_UR.AE_UF038.SD_UF038,0
ATHS,DT_UF039,ATHS:ETACS_UR.AE_UF039.DT_UF039,0
ATHS,SD_UF039,ATHS:ETACS_UR.AE_UF039.SD_UF039,0
ATHS,DT_UF040,ATHS:ETACS_UR.AE_UF040.DT_UF040,0
ATHS,SD_UF040,ATHS:ETACS_UR.AE_UF040.SD_UF040,0
ATHS,DT_UF041,ATHS:ETACS_UR.AE_UF041.DT_UF041,0
ATHS,SD_UF041,ATHS:ETACS_UR.AE_UF041.SD_UF041,0
ATHS,DT_UF042,ATHS:ETACS_UR.AE_UF042.DT_UF042,0
ATHS,SD_UF042,ATHS:ETACS_UR.AE_UF042.SD_UF042,0
ATHS,DT_UF043,ATHS:ETACS_UR.AE_UF043.DT_UF043,0
ATHS,SD_UF043,ATHS:ETACS_UR.AE_UF043.SD_UF043,0
ATHS,DT_UF044,ATHS:ETACS_UR.AE_UF044.DT_UF044,0
ATHS,SD_UF044,ATHS:ETACS_UR.AE_UF044.SD_UF044,0
ATHS,DT_UF045,ATHS:ETACS_UR.AE_UF045.DT_UF045,0
ATHS,SD_UF045,ATHS:ETACS_UR.AE_UF045.SD_UF045,0
ATHS,DT_UF046,ATHS:ETACS_UR.AE_UF046.DT_UF046,0
ATHS,SD_UF046,ATHS:ETACS_UR.AE_UF046.SD_UF046,0
ATHS,DT_UF047,ATHS:ETACS_UR.AE_UF047.DT_UF047,0
ATHS,SD_UF047,ATHS:ETACS_UR.AE_UF047.SD_UF047,0
ATHS,DT_UF048,ATHS:ETACS_UR.AE_UF048.DT_UF048,0
ATHS,SD_UF048,ATHS:ETACS_UR.AE_UF048.SD_UF048,0
ATHS,DT_UF049,ATHS:ETACS_UR.AE_UF049.DT_UF049,0
ATHS,SD_UF049,ATHS:ETACS_UR.AE_UF049.SD_UF049,0
ATHS,DT_UF050,ATHS:ETACS_UR.AE_UF050.DT_UF050,0
ATHS,SD_UF050,ATHS:ETACS_UR.AE_UF050.SD_UF050,0
ATHS,DT_UF051,ATHS:ETACS_UR.AE_UF051.DT_UF051,0
ATHS,SD_UF051,ATHS:ETACS_UR.AE_UF051.SD_UF051,0
ATHS,DT_UF052,ATHS:ETACS_UR.AE_UF052.DT_UF052,0
ATHS,SD_UF052,ATHS:ETACS_UR.AE_UF052.SD_UF052,0
ATHS,DT_UF053,ATHS:ETACS_UR.AE_UF053.DT_UF053,0
ATHS,SD_UF053,ATHS:ETACS_UR.AE_UF053.SD_UF053,0
ATHS,DT_UF054,ATHS:ETACS_UR.AE_UF054.DT_UF054,0
ATHS,SD_UF054,ATHS:ETACS_UR.AE_UF054.SD_UF054,0
ATHS,DT_UF055,ATHS:ETACS_UR.AE_UF055.DT_UF055,0
ATHS,SD_UF055,ATHS:ETACS_UR.AE_UF055.SD_UF055,0
ATHS,DT_UF056,ATHS:ETACS_UR.AE_UF056.DT_UF056,0
ATHS,SD_UF056,ATHS:ETACS_UR.AE_UF056.SD_UF056,0
ATHS,DT_UF057,ATHS:ETACS_UR.AE_UF057.DT_UF057,0
ATHS,SD_UF057,ATHS:ETACS_UR.AE_UF057.SD_UF057,0
ATHS,DT_UF058,ATHS:ETACS_UR.AE_UF058.DT_UF058,0
ATHS,SD_UF058,ATHS:ETACS_UR.AE_UF058.SD_UF058,0
ATHS,DT_UF059,ATHS:ETACS_UR.AE_UF059.DT_UF059,0
ATHS,SD_UF059,ATHS:ETACS_UR.AE_UF059.SD_UF059,0
ATHS,DT_UF060,ATHS:ETACS_UR.AE_UF060.DT_UF060,0
ATHS,SD_UF060,ATHS:ETACS_UR.AE_UF060.SD_UF060,0
ATHS,DT_UF061,ATHS:ETACS_UR.AE_UF061.DT_UF061,0
ATHS,SD_UF061,ATHS:ETACS_UR.AE_UF061.SD_UF061,0
ATHS,DT_UF062,ATHS:ETACS_UR.AE_UF062.DT_UF062,0
ATHS,SD_UF062,ATHS:ETACS_UR.AE_UF062.SD_UF062,0
ATHS,DT_UF063,ATHS:ETACS_UR.AE_UF063.DT_UF063,0
ATHS,SD_UF063,ATHS:ETACS_UR.AE_UF063.SD_UF063,0
ATHS,DT_UF064,ATHS:ETACS_UR.AE_UF064.DT_UF064,0
ATHS,SD_UF064,ATHS:ETACS_UR.AE_UF064.SD_UF064,0
ATHS,DT_UF065,ATHS:ETACS_UR.AE_UF065.DT_UF065,0
ATHS,SD_UF065,ATHS:ETACS_UR.AE_UF065.SD_UF065,0
ATHS,DT_UF066,ATHS:ETACS_UR.AE_UF066.DT_UF066,0
ATHS,SD_UF066,ATHS:ETACS_UR.AE_UF066.SD_UF066,0
ATHS,DT_UF067,ATHS:ETACS_UR.AE_UF067.DT_UF067,0
ATHS,SD_UF067,ATHS:ETACS_UR.AE_UF067.SD_UF067,0
ATHS,DT_UF068,ATHS:ETACS_UR.AE_UF068.DT_UF068,0
ATHS,SD_UF068,ATHS:ETACS_UR.AE_UF068.SD_UF068,0
ATHS,DT_UF069,ATHS:ETACS_UR.AE_UF069.DT_UF069,0
ATHS,SD_UF069,ATHS:ETACS_UR.AE_UF069.SD_UF069,0
ATHS,DT_UF070,ATHS:ETACS_UR.AE_UF070.DT_UF070,0
ATHS,SD_UF070,ATHS:ETACS_UR.AE_UF070.SD_UF070,0
ATHS,DT_UF071,ATHS:ETACS_UR.AE_UF071.DT_UF071,0
ATHS,SD_UF071,ATHS:ETACS_UR.AE_UF071.SD_UF071,0
ATHS,DT_UF072,ATHS:ETACS_UR.AE_UF072.DT_UF072,0
ATHS,SD_UF072,ATHS:ETACS_UR.AE_UF072.SD_UF072,0
ATHS,DT_UF073,ATHS:ETACS_UR.AE_UF073.DT_UF073,0
ATHS,SD_UF073,ATHS:ETACS_UR.AE_UF073.SD_UF073,0
ATHS,DT_UF074,ATHS:ETACS_UR.AE_UF074.DT_UF074,0
ATHS,SD_UF074,ATHS:ETACS_UR.AE_UF074.SD_UF074,0
ATHS,DT_UF075,ATHS:ETACS_UR.AE_UF075.DT_UF075,0
ATHS,SD_UF075,ATHS:ETACS_UR.AE_UF075.SD_UF075,0
ATHS,DT_UF076,ATHS:ETACS_UR.AE_UF076.DT_UF076,0
ATHS,SD_UF076,ATHS:ETACS_UR.AE_UF076.SD_UF076,0
ATHS,DT_UF077,ATHS:ETACS_UR.AE_UF077.DT_UF077,0
ATHS,SD_UF077,ATHS:ETACS_UR.AE_UF077.SD_UF077,0
ATHS,DT_UF078,ATHS:ETACS_UR.AE_UF078.DT_UF078,0
ATHS,SD_UF078,ATHS:ETACS_UR.AE_UF078.SD_UF078,0
ATHS,EventMed,ATHS:EventMediator,0
ATHS,BrokerTH,ATHS:EventMediator.BrokerTHSPPC_PC,0
ATHS,FTC_____,ATHS:FTC_____,0
ATHS,ICS,ATHS:ICS,0
ATHS,MotorETL,ATHS:ICS.ETLSystem.MotorETL,0
ATHS,TDLabell,ATHS:ICS.ETLSystem.TDLabelling,0
ATHS,INFD____,ATHS:INFD____,0
ATHS,LCHSQ2,ATHS:LCHSQ2,0
ATHS,LCHSQ3,ATHS:LCHSQ3,0
ATHS,DT_LU001,ATHS:LOUT_001.AE_LU001.DT_LU001,0
ATHS,DT_LU002,ATHS:LOUT_002.AE_LU002.DT_LU002,0
ATHS,AE_LU001,ATHS:LowUTurn.LOUT_001.AE_LU001,0
ATHS,MotorLU1,ATHS:LowUTurn.LOUT_001.MotorLU1,0
ATHS,AE_LU002,ATHS:LowUTurn.LOUT_002.AE_LU002,0
ATHS,MotorLU2,ATHS:LowUTurn.LOUT_002.MotorLU2,0
ATHS,MDC,ATHS:MDC,0
ATHS,MsgPor~0,ATHS:MsgBroker42.MsgPortVME_Top42,0
ATHS,MsgPortU,ATHS:MsgPortUDP_Em41,0
ATHS,MsgPortV,ATHS:MsgPortVME_Em43,0
ATHS,ObjFtry,ATHS:ObjFtry,0
ATHS,PATD____,ATHS:PATD____,0
ATHS,EventInt,ATHS:PATDStat.EventInterface,0
ATHS,PS1_THSy,ATHS:PS1_THSy,0
ATHS,ETAC_Low,ATHS:PS1_THSy.ETAC_Low,0
ATHS,ETACS_LR,ATHS:PS1_THSy.ETAC_Low.ETACS_LR,0
ATHS,LowUTurn,ATHS:PS1_THSy.ETAC_Low.LowUTurn,0
ATHS,ETAC_Upp,ATHS:PS1_THSy.ETAC_Upp,0
ATHS,ETACS_UL,ATHS:PS1_THSy.ETAC_Upp.ETACS_UL,0
ATHS,ETACS_UR,ATHS:PS1_THSy.ETAC_Upp.ETACS_UR,0
ATHS,UppUTurn,ATHS:PS1_THSy.ETAC_Upp.UppUTurn,0
ATHS,FltRstPl,ATHS:PS1_THSy.FltRstPl,0
ATHS,FTC_LoLe,ATHS:PS1_THSy.FTC_LoLe,0
ATHS,FTC_LoRi,ATHS:PS1_THSy.FTC_LoRi,0
ATHS,FTC_UpLe,ATHS:PS1_THSy.FTC_UpLe,0
ATHS,FTC_UpRi,ATHS:PS1_THSy.FTC_UpRi,0
ATHS,ETLSyste,ATHS:PS1_THSy.ICS.ETLSystem,0
ATHS,MRElcCbt,ATHS:PS1_THSy.MRElcCbt,0
ATHS,ECA_FA_Y,ATHS:PS1_THSy.MRElcCbt.ECA_FA_Y1_Y4,0
ATHS,PATDStat,ATHS:PS1_THSy.PATDStat,0
ATHS,TCFtRtPl,ATHS:PS1_THSy.TCFtRtPl,0
ATHS,LeftButt,ATHS:PS1_THSy.TCFtRtPl.LeftButton01,0
ATHS,TD_LB001,ATHS:PS1_THSy.TD_LB001,0
ATHS,TD_LB002,ATHS:PS1_THSy.TD_LB002,0
ATHS,TD_LB003,ATHS:PS1_THSy.TD_LB003,0
ATHS,TD_LB004,ATHS:PS1_THSy.TD_LB004,0
ATHS,TD_LB005,ATHS:PS1_THSy.TD_LB005,0
ATHS,TD_LB006,ATHS:PS1_THSy.TD_LB006,0
ATHS,TD_LB007,ATHS:PS1_THSy.TD_LB007,0
ATHS,TD_LB008,ATHS:PS1_THSy.TD_LB008,0
ATHS,TD_LB009,ATHS:PS1_THSy.TD_LB009,0
ATHS,TD_LB010,ATHS:PS1_THSy.TD_LB010,0
ATHS,TD_LB011,ATHS:PS1_THSy.TD_LB011,0
ATHS,TD_LB012,ATHS:PS1_THSy.TD_LB012,0
ATHS,TD_LB013,ATHS:PS1_THSy.TD_LB013,0
ATHS,TD_LB014,ATHS:PS1_THSy.TD_LB014,0
ATHS,TD_LB015,ATHS:PS1_THSy.TD_LB015,0
ATHS,TD_LB016,ATHS:PS1_THSy.TD_LB016,0
ATHS,TD_LB017,ATHS:PS1_THSy.TD_LB017,0
ATHS,TD_LB018,ATHS:PS1_THSy.TD_LB018,0
ATHS,TD_LB019,ATHS:PS1_THSy.TD_LB019,0
ATHS,TD_LB020,ATHS:PS1_THSy.TD_LB020,0
ATHS,TD_LB021,ATHS:PS1_THSy.TD_LB021,0
ATHS,TD_LB022,ATHS:PS1_THSy.TD_LB022,0
ATHS,TD_LB023,ATHS:PS1_THSy.TD_LB023,0
ATHS,TD_LB024,ATHS:PS1_THSy.TD_LB024,0
ATHS,TD_LB025,ATHS:PS1_THSy.TD_LB025,0
ATHS,TD_LB026,ATHS:PS1_THSy.TD_LB026,0
ATHS,TD_LB027,ATHS:PS1_THSy.TD_LB027,0
ATHS,TD_LB028,ATHS:PS1_THSy.TD_LB028,0
ATHS,TD_LB029,ATHS:PS1_THSy.TD_LB029,0
ATHS,TD_LB030,ATHS:PS1_THSy.TD_LB030,0
ATHS,TD_LB031,ATHS:PS1_THSy.TD_LB031,0
ATHS,TD_LB032,ATHS:PS1_THSy.TD_LB032,0
ATHS,TD_LB033,ATHS:PS1_THSy.TD_LB033,0
ATHS,TD_LB034,ATHS:PS1_THSy.TD_LB034,0
ATHS,TD_LB035,ATHS:PS1_THSy.TD_LB035,0
ATHS,TD_LB036,ATHS:PS1_THSy.TD_LB036,0
ATHS,TD_LB037,ATHS:PS1_THSy.TD_LB037,0
ATHS,TD_LB038,ATHS:PS1_THSy.TD_LB038,0
ATHS,TD_LB039,ATHS:PS1_THSy.TD_LB039,0
ATHS,TD_LB040,ATHS:PS1_THSy.TD_LB040,0
ATHS,TD_LB041,ATHS:PS1_THSy.TD_LB041,0
ATHS,TD_LB042,ATHS:PS1_THSy.TD_LB042,0
ATHS,TD_LB043,ATHS:PS1_THSy.TD_LB043,0
ATHS,TD_LB044,ATHS:PS1_THSy.TD_LB044,0
ATHS,TD_LB045,ATHS:PS1_THSy.TD_LB045,0
ATHS,TD_LB046,ATHS:PS1_THSy.TD_LB046,0
ATHS,TD_LB047,ATHS:PS1_THSy.TD_LB047,0
ATHS,TD_LB048,ATHS:PS1_THSy.TD_LB048,0
ATHS,TD_LB049,ATHS:PS1_THSy.TD_LB049,0
ATHS,TD_LB050,ATHS:PS1_THSy.TD_LB050,0
ATHS,TD_LB051,ATHS:PS1_THSy.TD_LB051,0
ATHS,TD_LB052,ATHS:PS1_THSy.TD_LB052,0
ATHS,TD_LB053,ATHS:PS1_THSy.TD_LB053,0
ATHS,TD_LB054,ATHS:PS1_THSy.TD_LB054,0
ATHS,TD_LB055,ATHS:PS1_THSy.TD_LB055,0
ATHS,TD_LB056,ATHS:PS1_THSy.TD_LB056,0
ATHS,TD_LB057,ATHS:PS1_THSy.TD_LB057,0
ATHS,TD_LB058,ATHS:PS1_THSy.TD_LB058,0
ATHS,TD_LB059,ATHS:PS1_THSy.TD_LB059,0
ATHS,TD_LB060,ATHS:PS1_THSy.TD_LB060,0
ATHS,TD_LB061,ATHS:PS1_THSy.TD_LB061,0
ATHS,TD_LB062,ATHS:PS1_THSy.TD_LB062,0
ATHS,TD_LB063,ATHS:PS1_THSy.TD_LB063,0
ATHS,TD_LB064,ATHS:PS1_THSy.TD_LB064,0
ATHS,TD_LB065,ATHS:PS1_THSy.TD_LB065,0
ATHS,TD_LB066,ATHS:PS1_THSy.TD_LB066,0
ATHS,TD_LB067,ATHS:PS1_THSy.TD_LB067,0
ATHS,TD_LB068,ATHS:PS1_THSy.TD_LB068,0
ATHS,TD_LB069,ATHS:PS1_THSy.TD_LB069,0
ATHS,TD_LB070,ATHS:PS1_THSy.TD_LB070,0
ATHS,TD_LB071,ATHS:PS1_THSy.TD_LB071,0
ATHS,TD_LB072,ATHS:PS1_THSy.TD_LB072,0
ATHS,TD_LB073,ATHS:PS1_THSy.TD_LB073,0
ATHS,TD_LB074,ATHS:PS1_THSy.TD_LB074,0
ATHS,TD_LB075,ATHS:PS1_THSy.TD_LB075,0
ATHS,TD_LB076,ATHS:PS1_THSy.TD_LB076,0
ATHS,TD_LB077,ATHS:PS1_THSy.TD_LB077,0
ATHS,TD_LB078,ATHS:PS1_THSy.TD_LB078,0
ATHS,TD_LF001,ATHS:PS1_THSy.TD_LF001,0
ATHS,TD_LF002,ATHS:PS1_THSy.TD_LF002,0
ATHS,TD_LF003,ATHS:PS1_THSy.TD_LF003,0
ATHS,TD_LF004,ATHS:PS1_THSy.TD_LF004,0
ATHS,TD_LF005,ATHS:PS1_THSy.TD_LF005,0
ATHS,TD_LF006,ATHS:PS1_THSy.TD_LF006,0
ATHS,TD_LF007,ATHS:PS1_THSy.TD_LF007,0
ATHS,TD_LF008,ATHS:PS1_THSy.TD_LF008,0
ATHS,TD_LF009,ATHS:PS1_THSy.TD_LF009,0
ATHS,TD_LF010,ATHS:PS1_THSy.TD_LF010,0
ATHS,TD_LF011,ATHS:PS1_THSy.TD_LF011,0
ATHS,TD_LF012,ATHS:PS1_THSy.TD_LF012,0
ATHS,TD_LF013,ATHS:PS1_THSy.TD_LF013,0
ATHS,TD_LF014,ATHS:PS1_THSy.TD_LF014,0
ATHS,TD_LF015,ATHS:PS1_THSy.TD_LF015,0
ATHS,TD_LF016,ATHS:PS1_THSy.TD_LF016,0
ATHS,TD_LF017,ATHS:PS1_THSy.TD_LF017,0
ATHS,TD_LF018,ATHS:PS1_THSy.TD_LF018,0
ATHS,TD_LF019,ATHS:PS1_THSy.TD_LF019,0
ATHS,TD_LF020,ATHS:PS1_THSy.TD_LF020,0
ATHS,TD_LF021,ATHS:PS1_THSy.TD_LF021,0
ATHS,TD_LF022,ATHS:PS1_THSy.TD_LF022,0
ATHS,TD_LF023,ATHS:PS1_THSy.TD_LF023,0
ATHS,TD_LF024,ATHS:PS1_THSy.TD_LF024,0
ATHS,TD_LF025,ATHS:PS1_THSy.TD_LF025,0
ATHS,TD_LF026,ATHS:PS1_THSy.TD_LF026,0
ATHS,TD_LF027,ATHS:PS1_THSy.TD_LF027,0
ATHS,TD_LF028,ATHS:PS1_THSy.TD_LF028,0
ATHS,TD_LF029,ATHS:PS1_THSy.TD_LF029,0
ATHS,TD_LF030,ATHS:PS1_THSy.TD_LF030,0
ATHS,TD_LF031,ATHS:PS1_THSy.TD_LF031,0
ATHS,TD_LF032,ATHS:PS1_THSy.TD_LF032,0
ATHS,TD_LF033,ATHS:PS1_THSy.TD_LF033,0
ATHS,TD_LF034,ATHS:PS1_THSy.TD_LF034,0
ATHS,TD_LF035,ATHS:PS1_THSy.TD_LF035,0
ATHS,TD_LF036,ATHS:PS1_THSy.TD_LF036,0
ATHS,TD_LF037,ATHS:PS1_THSy.TD_LF037,0
ATHS,TD_LF038,ATHS:PS1_THSy.TD_LF038,0
ATHS,TD_LF039,ATHS:PS1_THSy.TD_LF039,0
ATHS,TD_LF040,ATHS:PS1_THSy.TD_LF040,0
ATHS,TD_LF041,ATHS:PS1_THSy.TD_LF041,0
ATHS,TD_LF042,ATHS:PS1_THSy.TD_LF042,0
ATHS,TD_LF043,ATHS:PS1_THSy.TD_LF043,0
ATHS,TD_LF044,ATHS:PS1_THSy.TD_LF044,0
ATHS,TD_LF045,ATHS:PS1_THSy.TD_LF045,0
ATHS,TD_LF046,ATHS:PS1_THSy.TD_LF046,0
ATHS,TD_LF047,ATHS:PS1_THSy.TD_LF047,0
ATHS,TD_LF048,ATHS:PS1_THSy.TD_LF048,0
ATHS,TD_LF049,ATHS:PS1_THSy.TD_LF049,0
ATHS,TD_LF050,ATHS:PS1_THSy.TD_LF050,0
ATHS,TD_LF051,ATHS:PS1_THSy.TD_LF051,0
ATHS,TD_LF052,ATHS:PS1_THSy.TD_LF052,0
ATHS,TD_LF053,ATHS:PS1_THSy.TD_LF053,0
ATHS,TD_LF054,ATHS:PS1_THSy.TD_LF054,0
ATHS,TD_LF055,ATHS:PS1_THSy.TD_LF055,0
ATHS,TD_LF056,ATHS:PS1_THSy.TD_LF056,0
ATHS,TD_LF057,ATHS:PS1_THSy.TD_LF057,0
ATHS,TD_LF058,ATHS:PS1_THSy.TD_LF058,0
ATHS,TD_LF059,ATHS:PS1_THSy.TD_LF059,0
ATHS,TD_LF060,ATHS:PS1_THSy.TD_LF060,0
ATHS,TD_LF061,ATHS:PS1_THSy.TD_LF061,0
ATHS,TD_LF062,ATHS:PS1_THSy.TD_LF062,0
ATHS,TD_LF063,ATHS:PS1_THSy.TD_LF063,0
ATHS,TD_LF064,ATHS:PS1_THSy.TD_LF064,0
ATHS,TD_LF065,ATHS:PS1_THSy.TD_LF065,0
ATHS,TD_LF066,ATHS:PS1_THSy.TD_LF066,0
ATHS,TD_LF067,ATHS:PS1_THSy.TD_LF067,0
ATHS,TD_LF068,ATHS:PS1_THSy.TD_LF068,0
ATHS,TD_LF069,ATHS:PS1_THSy.TD_LF069,0
ATHS,TD_LF070,ATHS:PS1_THSy.TD_LF070,0
ATHS,TD_LF071,ATHS:PS1_THSy.TD_LF071,0
ATHS,TD_LF072,ATHS:PS1_THSy.TD_LF072,0
ATHS,TD_LF073,ATHS:PS1_THSy.TD_LF073,0
ATHS,TD_LF074,ATHS:PS1_THSy.TD_LF074,0
ATHS,TD_LF075,ATHS:PS1_THSy.TD_LF075,0
ATHS,TD_LF076,ATHS:PS1_THSy.TD_LF076,0
ATHS,TD_LF077,ATHS:PS1_THSy.TD_LF077,0
ATHS,TD_LF078,ATHS:PS1_THSy.TD_LF078,0
ATHS,TD_UB001,ATHS:PS1_THSy.TD_UB001,0
ATHS,TD_UB002,ATHS:PS1_THSy.TD_UB002,0
ATHS,TD_UB003,ATHS:PS1_THSy.TD_UB003,0
ATHS,TD_UB004,ATHS:PS1_THSy.TD_UB004,0
ATHS,TD_UB005,ATHS:PS1_THSy.TD_UB005,0
ATHS,TD_UB006,ATHS:PS1_THSy.TD_UB006,0
ATHS,TD_UB007,ATHS:PS1_THSy.TD_UB007,0
ATHS,TD_UB008,ATHS:PS1_THSy.TD_UB008,0
ATHS,TD_UB009,ATHS:PS1_THSy.TD_UB009,0
ATHS,TD_UB010,ATHS:PS1_THSy.TD_UB010,0
ATHS,TD_UB011,ATHS:PS1_THSy.TD_UB011,0
ATHS,TD_UB012,ATHS:PS1_THSy.TD_UB012,0
ATHS,TD_UB013,ATHS:PS1_THSy.TD_UB013,0
ATHS,TD_UB014,ATHS:PS1_THSy.TD_UB014,0
ATHS,TD_UB015,ATHS:PS1_THSy.TD_UB015,0
ATHS,TD_UB016,ATHS:PS1_THSy.TD_UB016,0
ATHS,TD_UB017,ATHS:PS1_THSy.TD_UB017,0
ATHS,TD_UB018,ATHS:PS1_THSy.TD_UB018,0
ATHS,TD_UB019,ATHS:PS1_THSy.TD_UB019,0
ATHS,TD_UB020,ATHS:PS1_THSy.TD_UB020,0
ATHS,TD_UB021,ATHS:PS1_THSy.TD_UB021,0
ATHS,TD_UB022,ATHS:PS1_THSy.TD_UB022,0
ATHS,TD_UB023,ATHS:PS1_THSy.TD_UB023,0
ATHS,TD_UB024,ATHS:PS1_THSy.TD_UB024,0
ATHS,TD_UB025,ATHS:PS1_THSy.TD_UB025,0
ATHS,TD_UB026,ATHS:PS1_THSy.TD_UB026,0
ATHS,TD_UB027,ATHS:PS1_THSy.TD_UB027,0
ATHS,TD_UB028,ATHS:PS1_THSy.TD_UB028,0
ATHS,TD_UB029,ATHS:PS1_THSy.TD_UB029,0
ATHS,TD_UB030,ATHS:PS1_THSy.TD_UB030,0
ATHS,TD_UB031,ATHS:PS1_THSy.TD_UB031,0
ATHS,TD_UB032,ATHS:PS1_THSy.TD_UB032,0
ATHS,TD_UB033,ATHS:PS1_THSy.TD_UB033,0
ATHS,TD_UB034,ATHS:PS1_THSy.TD_UB034,0
ATHS,TD_UB035,ATHS:PS1_THSy.TD_UB035,0
ATHS,TD_UB036,ATHS:PS1_THSy.TD_UB036,0
ATHS,TD_UB037,ATHS:PS1_THSy.TD_UB037,0
ATHS,TD_UB038,ATHS:PS1_THSy.TD_UB038,0
ATHS,TD_UB039,ATHS:PS1_THSy.TD_UB039,0
ATHS,TD_UB040,ATHS:PS1_THSy.TD_UB040,0
ATHS,TD_UB041,ATHS:PS1_THSy.TD_UB041,0
ATHS,TD_UB042,ATHS:PS1_THSy.TD_UB042,0
ATHS,TD_UB043,ATHS:PS1_THSy.TD_UB043,0
ATHS,TD_UB044,ATHS:PS1_THSy.TD_UB044,0
ATHS,TD_UB045,ATHS:PS1_THSy.TD_UB045,0
ATHS,TD_UB046,ATHS:PS1_THSy.TD_UB046,0
ATHS,TD_UB047,ATHS:PS1_THSy.TD_UB047,0
ATHS,TD_UB048,ATHS:PS1_THSy.TD_UB048,0
ATHS,TD_UB049,ATHS:PS1_THSy.TD_UB049,0
ATHS,TD_UB050,ATHS:PS1_THSy.TD_UB050,0
ATHS,TD_UB051,ATHS:PS1_THSy.TD_UB051,0
ATHS,TD_UB052,ATHS:PS1_THSy.TD_UB052,0
ATHS,TD_UB053,ATHS:PS1_THSy.TD_UB053,0
ATHS,TD_UB054,ATHS:PS1_THSy.TD_UB054,0
ATHS,TD_UB055,ATHS:PS1_THSy.TD_UB055,0
ATHS,TD_UB056,ATHS:PS1_THSy.TD_UB056,0
ATHS,TD_UB057,ATHS:PS1_THSy.TD_UB057,0
ATHS,TD_UB058,ATHS:PS1_THSy.TD_UB058,0
ATHS,TD_UB059,ATHS:PS1_THSy.TD_UB059,0
ATHS,TD_UB060,ATHS:PS1_THSy.TD_UB060,0
ATHS,TD_UB061,ATHS:PS1_THSy.TD_UB061,0
ATHS,TD_UB062,ATHS:PS1_THSy.TD_UB062,0
ATHS,TD_UB063,ATHS:PS1_THSy.TD_UB063,0
ATHS,TD_UB064,ATHS:PS1_THSy.TD_UB064,0
ATHS,TD_UB065,ATHS:PS1_THSy.TD_UB065,0
ATHS,TD_UB066,ATHS:PS1_THSy.TD_UB066,0
ATHS,TD_UB067,ATHS:PS1_THSy.TD_UB067,0
ATHS,TD_UB068,ATHS:PS1_THSy.TD_UB068,0
ATHS,TD_UB069,ATHS:PS1_THSy.TD_UB069,0
ATHS,TD_UB070,ATHS:PS1_THSy.TD_UB070,0
ATHS,TD_UB071,ATHS:PS1_THSy.TD_UB071,0
ATHS,TD_UB072,ATHS:PS1_THSy.TD_UB072,0
ATHS,TD_UB073,ATHS:PS1_THSy.TD_UB073,0
ATHS,TD_UB074,ATHS:PS1_THSy.TD_UB074,0
ATHS,TD_UB075,ATHS:PS1_THSy.TD_UB075,0
ATHS,TD_UB076,ATHS:PS1_THSy.TD_UB076,0
ATHS,TD_UB077,ATHS:PS1_THSy.TD_UB077,0
ATHS,TD_UB078,ATHS:PS1_THSy.TD_UB078,0
ATHS,TD_UF001,ATHS:PS1_THSy.TD_UF001,0
ATHS,TD_UF002,ATHS:PS1_THSy.TD_UF002,0
ATHS,TD_UF003,ATHS:PS1_THSy.TD_UF003,0
ATHS,TD_UF004,ATHS:PS1_THSy.TD_UF004,0
ATHS,TD_UF005,ATHS:PS1_THSy.TD_UF005,0
ATHS,TD_UF006,ATHS:PS1_THSy.TD_UF006,0
ATHS,TD_UF007,ATHS:PS1_THSy.TD_UF007,0
ATHS,TD_UF008,ATHS:PS1_THSy.TD_UF008,0
ATHS,TD_UF009,ATHS:PS1_THSy.TD_UF009,0
ATHS,TD_UF010,ATHS:PS1_THSy.TD_UF010,0
ATHS,TD_UF011,ATHS:PS1_THSy.TD_UF011,0
ATHS,TD_UF012,ATHS:PS1_THSy.TD_UF012,0
ATHS,TD_UF013,ATHS:PS1_THSy.TD_UF013,0
ATHS,TD_UF014,ATHS:PS1_THSy.TD_UF014,0
ATHS,TD_UF015,ATHS:PS1_THSy.TD_UF015,0
ATHS,TD_UF016,ATHS:PS1_THSy.TD_UF016,0
ATHS,TD_UF017,ATHS:PS1_THSy.TD_UF017,0
ATHS,TD_UF018,ATHS:PS1_THSy.TD_UF018,0
ATHS,TD_UF019,ATHS:PS1_THSy.TD_UF019,0
ATHS,TD_UF020,ATHS:PS1_THSy.TD_UF020,0
ATHS,TD_UF021,ATHS:PS1_THSy.TD_UF021,0
ATHS,TD_UF022,ATHS:PS1_THSy.TD_UF022,0
ATHS,TD_UF023,ATHS:PS1_THSy.TD_UF023,0
ATHS,TD_UF024,ATHS:PS1_THSy.TD_UF024,0
ATHS,TD_UF025,ATHS:PS1_THSy.TD_UF025,0
ATHS,TD_UF026,ATHS:PS1_THSy.TD_UF026,0
ATHS,TD_UF027,ATHS:PS1_THSy.TD_UF027,0
ATHS,TD_UF028,ATHS:PS1_THSy.TD_UF028,0
ATHS,TD_UF029,ATHS:PS1_THSy.TD_UF029,0
ATHS,TD_UF030,ATHS:PS1_THSy.TD_UF030,0
ATHS,TD_UF031,ATHS:PS1_THSy.TD_UF031,0
ATHS,TD_UF032,ATHS:PS1_THSy.TD_UF032,0
ATHS,TD_UF033,ATHS:PS1_THSy.TD_UF033,0
ATHS,TD_UF034,ATHS:PS1_THSy.TD_UF034,0
ATHS,TD_UF035,ATHS:PS1_THSy.TD_UF035,0
ATHS,TD_UF036,ATHS:PS1_THSy.TD_UF036,0
ATHS,TD_UF037,ATHS:PS1_THSy.TD_UF037,0
ATHS,TD_UF038,ATHS:PS1_THSy.TD_UF038,0
ATHS,TD_UF039,ATHS:PS1_THSy.TD_UF039,0
ATHS,TD_UF040,ATHS:PS1_THSy.TD_UF040,0
ATHS,TD_UF041,ATHS:PS1_THSy.TD_UF041,0
ATHS,TD_UF042,ATHS:PS1_THSy.TD_UF042,0
ATHS,TD_UF043,ATHS:PS1_THSy.TD_UF043,0
ATHS,TD_UF044,ATHS:PS1_THSy.TD_UF044,0
ATHS,TD_UF045,ATHS:PS1_THSy.TD_UF045,0
ATHS,TD_UF046,ATHS:PS1_THSy.TD_UF046,0
ATHS,TD_UF047,ATHS:PS1_THSy.TD_UF047,0
ATHS,TD_UF048,ATHS:PS1_THSy.TD_UF048,0
ATHS,TD_UF049,ATHS:PS1_THSy.TD_UF049,0
ATHS,TD_UF050,ATHS:PS1_THSy.TD_UF050,0
ATHS,TD_UF051,ATHS:PS1_THSy.TD_UF051,0
ATHS,TD_UF052,ATHS:PS1_THSy.TD_UF052,0
ATHS,TD_UF053,ATHS:PS1_THSy.TD_UF053,0
ATHS,TD_UF054,ATHS:PS1_THSy.TD_UF054,0
ATHS,TD_UF055,ATHS:PS1_THSy.TD_UF055,0
ATHS,TD_UF056,ATHS:PS1_THSy.TD_UF056,0
ATHS,TD_UF057,ATHS:PS1_THSy.TD_UF057,0
ATHS,TD_UF058,ATHS:PS1_THSy.TD_UF058,0
ATHS,TD_UF059,ATHS:PS1_THSy.TD_UF059,0
ATHS,TD_UF060,ATHS:PS1_THSy.TD_UF060,0
ATHS,TD_UF061,ATHS:PS1_THSy.TD_UF061,0
ATHS,TD_UF062,ATHS:PS1_THSy.TD_UF062,0
ATHS,TD_UF063,ATHS:PS1_THSy.TD_UF063,0
ATHS,TD_UF064,ATHS:PS1_THSy.TD_UF064,0
ATHS,TD_UF065,ATHS:PS1_THSy.TD_UF065,0
ATHS,TD_UF066,ATHS:PS1_THSy.TD_UF066,0
ATHS,TD_UF067,ATHS:PS1_THSy.TD_UF067,0
ATHS,TD_UF068,ATHS:PS1_THSy.TD_UF068,0
ATHS,TD_UF069,ATHS:PS1_THSy.TD_UF069,0
ATHS,TD_UF070,ATHS:PS1_THSy.TD_UF070,0
ATHS,TD_UF071,ATHS:PS1_THSy.TD_UF071,0
ATHS,TD_UF072,ATHS:PS1_THSy.TD_UF072,0
ATHS,TD_UF073,ATHS:PS1_THSy.TD_UF073,0
ATHS,TD_UF074,ATHS:PS1_THSy.TD_UF074,0
ATHS,TD_UF075,ATHS:PS1_THSy.TD_UF075,0
ATHS,TD_UF076,ATHS:PS1_THSy.TD_UF076,0
ATHS,TD_UF077,ATHS:PS1_THSy.TD_UF077,0
ATHS,TD_UF078,ATHS:PS1_THSy.TD_UF078,0
ATHS,TheContr,ATHS:PS1_THSy.TheControlPanel,0
ATHS,THSPwrCh,ATHS:PS1_THSy.THSPwrCh,0
ATHS,CoverThs,ATHS:PS1_THSy.THSPwrCh.CoverThs,0
ATHS,MZDisabl,ATHS:PS1_THSy.THSPwrCh.MZDisabled,0
ATHS,TNElcCbt,ATHS:PS1_THSy.TNElcCbt,0
ATHS,EDA3_Q01,ATHS:PS1_THSy.TNElcCbt.EDA3_Q011,0
ATHS,EFA3_Q01,ATHS:PS1_THSy.TNElcCbt.EFA3_Q011,0
ATHS,EKGN_F09,ATHS:PS1_THSy.TNElcCbt.EKGN_F091,0
ATHS,ESOR1_7L,ATHS:PS1_THSy.TNElcCbt.ESOR1_7LF031,0
ATHS,ESOR1_7R,ATHS:PS1_THSy.TNElcCbt.ESOR1_7RF021,0
ATHS,TrFlwStr,ATHS:PS1_THSy.TrFlwStr,0
ATHS,TD_KA6B1,ATHS:PS1_THSy.TrFlwStr.TD_KA6B1,0
ATHS,TTC_LoLe,ATHS:PS1_THSy.TTC_LoLe,0
ATHS,TTC_LoRi,ATHS:PS1_THSy.TTC_LoRi,0
ATHS,TTC_UpLe,ATHS:PS1_THSy.TTC_UpLe,0
ATHS,TTC_UpRi,ATHS:PS1_THSy.TTC_UpRi,0
ATHS,RightBut,ATHS:TCFtRtPl.RightButton01,0
ATHS,TheStart,ATHS:TheStartLightButton,0
ATHS,TheStopL,ATHS:TheStopLightButton,0
ATHS,THS_AE1,ATHS:THS_AE1,0
ATHS,TTC_____,ATHS:THS_AE2,0
ATHS,THS_AE2,ATHS:THS_AE2,0
ATHS,THSBoard,ATHS:THSBoard,0
ATHS,Mod_UNIG,ATHS:ThsINF.Mod_UNIG,0
ATHS,ThsSorLe,ATHS:ThsSorLe,0
ATHS,ThsSorRi,ATHS:ThsSorRi,0
ATHS,EDA_FA_G,ATHS:TNElcCbt.EDA_FA_GB_F045,0
ATHS,ESOR14~0,ATHS:TNElcCbt.ESOR14_20LF035,0
ATHS,ESOR14_2,ATHS:TNElcCbt.ESOR14_20RF025,0
ATHS,ESOR8_~0,ATHS:TNElcCbt.ESOR8_13LF033,0
ATHS,ESOR8_13,ATHS:TNElcCbt.ESOR8_13RF023,0
ATHS,ETEN_AE1,ATHS:TNElcCbt.ETEN_AE1_F043,0
ATHS,ETEN_AE2,ATHS:TNElcCbt.ETEN_AE2_F051,0
ATHS,ETEN_A~0,ATHS:TNElcCbt.ETEN_AE2_F061,0
ATHS,ETEN_AE3,ATHS:TNElcCbt.ETEN_AE3_F041,0
ATHS,MsgBroke,ATHS:Top2000.MsgBroker42,0
ATHS,Security,ATHS:Top2000.SecurityChain,0
ATHS,T2K_LB01,ATHS:Top2000.T2K_FRP_.T2K_LB01,0
ATHS,T2K_LB02,ATHS:Top2000.T2K_FRP_.T2K_LB02,0
ATHS,T2K_LB03,ATHS:Top2000.T2K_FRP_.T2K_LB03,0
ATHS,T2K_LB04,ATHS:Top2000.T2K_FRP_.T2K_LB04,0
ATHS,T2K_LB05,ATHS:Top2000.T2K_FRP_.T2K_LB05,0
ATHS,T2K_LB06,ATHS:Top2000.T2K_FRP_.T2K_LB06,0
ATHS,T2K_LB07,ATHS:Top2000.T2K_FRP_.T2K_LB07,0
ATHS,T2K_LB08,ATHS:Top2000.T2K_FRP_.T2K_LB08,0
ATHS,T2K_LB09,ATHS:Top2000.T2K_FRP_.T2K_LB09,0
ATHS,T2K_LB10,ATHS:Top2000.T2K_FRP_.T2K_LB10,0
ATHS,T2K_LB11,ATHS:Top2000.T2K_FRP_.T2K_LB11,0
ATHS,T2K_LB12,ATHS:Top2000.T2K_FRP_.T2K_LB12,0
ATHS,T2K_LB13,ATHS:Top2000.T2K_FRP_.T2K_LB13,0
ATHS,T2K_RB01,ATHS:Top2000.T2K_FRP_.T2K_RB01,0
ATHS,T2K_RB02,ATHS:Top2000.T2K_FRP_.T2K_RB02,0
ATHS,T2K_RB03,ATHS:Top2000.T2K_FRP_.T2K_RB03,0
ATHS,T2K_RB04,ATHS:Top2000.T2K_FRP_.T2K_RB04,0
ATHS,T2K_RB05,ATHS:Top2000.T2K_FRP_.T2K_RB05,0
ATHS,T2K_RB06,ATHS:Top2000.T2K_FRP_.T2K_RB06,0
ATHS,T2K_RB07,ATHS:Top2000.T2K_FRP_.T2K_RB07,0
ATHS,T2K_RB08,ATHS:Top2000.T2K_FRP_.T2K_RB08,0
ATHS,T2K_RB09,ATHS:Top2000.T2K_FRP_.T2K_RB09,0
ATHS,T2K_RB10,ATHS:Top2000.T2K_FRP_.T2K_RB10,0
ATHS,T2K_RB11,ATHS:Top2000.T2K_FRP_.T2K_RB11,0
ATHS,T2K_RB12,ATHS:Top2000.T2K_FRP_.T2K_RB12,0
ATHS,T2K_RB13,ATHS:Top2000.T2K_FRP_.T2K_RB13,0
ATHS,UdpSok~1,ATHS:UdpSok~1,0
ATHS,AE_UU001,ATHS:UppUTurn.UPUT_001.AE_UU001,0
ATHS,MotorUU1,ATHS:UppUTurn.UPUT_001.MotorUU1,0
ATHS,AE_UU002,ATHS:UppUTurn.UPUT_002.AE_UU002,0
ATHS,MotorUU2,ATHS:UppUTurn.UPUT_002.MotorUU2,0
ATHS,DT_UU001,ATHS:UPUT_001.AE_UU001.DT_UU001,0
ATHS,DT_UU002,ATHS:UPUT_002.AE_UU002.DT_UU002,0
