IL,FE1-DJ,IL:0.00.00,0
IL,ACQ-B1,IL:ACQ-B1,0
IL,ACQ-DJ,IL:ACQ-DJ,0
IL,ACQ-SQ1,IL:ACQ-SQ1,0
IL,ACQ-SQ2,IL:ACQ-SQ2,0
IL,ACQ-U1,IL:ACQ-U1,0
IL,ACQMU1,IL:ACQMU1,0
IL,AP1-DJ,IL:AP1-DJ,0
IL,MsgPortU,IL:BrokerILPPC_PC.MsgPortUDP_Em21,0
IL,Broker~0,IL:BrokerILPPC_SCPPC,0
IL,CUL-B1,IL:CUL-B1,0
IL,CUL-B2,IL:CUL-B2,0
IL,CUL-B3,IL:CUL-B3,0
IL,CUL-B5,IL:CUL-B5,0
IL,CUL-DJ,IL:CUL-DJ,0
IL,CUL-SQ1,IL:CUL-SQ1,0
IL,CUL-SQ2,IL:CUL-SQ2,0
IL,CUL-U1,IL:CUL-U1,0
IL,CULMU1,IL:CULMU1,0
IL,DBGU,IL:DBGU,0
IL,Decisi~1,IL:DecisionPlanT2K,0
IL,EventMed,IL:EventMediator,0
IL,BrokerIL,IL:EventMediator.BrokerILPPC_PC,0
IL,ExplPlan,IL:ExplPlan,0
IL,EXT-B1,IL:EXT-B1,0
IL,EXT-SQ1,IL:EXT-SQ1,0
IL,EXT-SQ2,IL:EXT-SQ2,0
IL,FE1-SQ5,IL:FE1-SQ5,0
IL,FE1-U1,IL:FE1-U1,0
IL,FE1-U2,IL:FE1-U2,0
IL,FE1-U3,IL:FE1-U3,0
IL,FE1MFE,IL:FE1MFE,0
IL,FE1MU1,IL:FE1MU1,0
IL,FE1MU2,IL:FE1MU2,0
IL,FE1MU3,IL:FE1MU3,0
IL,FE2-DJ,IL:FE2-DJ,0
IL,FE2-SQ5,IL:FE2-SQ5,0
IL,FE2-SQ6,IL:FE2-SQ6,0
IL,FE2-U1,IL:FE2-U1,0
IL,FE2-U2,IL:FE2-U2,0
IL,FE2-U3,IL:FE2-U3,0
IL,FE2MFE,IL:FE2MFE,0
IL,FE2MU1,IL:FE2MU1,0
IL,FE2MU2,IL:FE2MU2,0
IL,FE2MU3,IL:FE2MU3,0
IL,IL__VAR1,IL:IL__VAR1,0
IL,IL__VAR2,IL:IL__VAR2,0
IL,ACQ-U1~0,IL:IL__VAR2.ACQ-U1,0
IL,ACQMU1~0,IL:IL__VAR2.ACQMU1,0
IL,CUL-U1~0,IL:IL__VAR2.CUL-U1,0
IL,CULMU1~0,IL:IL__VAR2.CULMU1,0
IL,FE1-U1~0,IL:IL__VAR2.FE1-U1,0
IL,FE1-U2~0,IL:IL__VAR2.FE1-U2,0
IL,FE1-U3~0,IL:IL__VAR2.FE1-U3,0
IL,FE1MU1~0,IL:IL__VAR2.FE1MU1,0
IL,FE1MU2~0,IL:IL__VAR2.FE1MU2,0
IL,FE1MU3~0,IL:IL__VAR2.FE1MU3,0
IL,FE2-U1~0,IL:IL__VAR2.FE2-U1,0
IL,FE2-U2~0,IL:IL__VAR2.FE2-U2,0
IL,FE2-U3~0,IL:IL__VAR2.FE2-U3,0
IL,FE2MU1~0,IL:IL__VAR2.FE2MU1,0
IL,FE2MU2~0,IL:IL__VAR2.FE2MU2,0
IL,FE2MU3~0,IL:IL__VAR2.FE2MU3,0
IL,INJ-U1~0,IL:IL__VAR2.INJ-U1,0
IL,INJ-U2~0,IL:IL__VAR2.INJ-U2,0
IL,INJMU1~0,IL:IL__VAR2.INJMU1,0
IL,INJMU2~0,IL:IL__VAR2.INJMU2,0
IL,MER-U1~0,IL:IL__VAR2.MER-U1,0
IL,MERMU1~0,IL:IL__VAR2.MERMU1,0
IL,IL1_____,IL:IL1_____,0
IL,IL1_BTR_,IL:IL1_____.IL1_BTR_,0
IL,IL1_BTV_,IL:IL1_____.IL1_BTV_,0
IL,IL1_CPNL,IL:IL1_____.IL1_CPNL,0
IL,FE11OffB,IL:IL1_____.IL1_CPNL.FE11OffB,0
IL,FE11On_B,IL:IL1_____.IL1_CPNL.FE11On_B,0
IL,FE11SelB,IL:IL1_____.IL1_CPNL.FE11SelB,0
IL,FE12OffB,IL:IL1_____.IL1_CPNL.FE12OffB,0
IL,FE12On_B,IL:IL1_____.IL1_CPNL.FE12On_B,0
IL,IL1SuspB,IL:IL1_____.IL1_CPNL.IL1SuspB,0
IL,IL1_CULP,IL:IL1_____.IL1_CULP,0
IL,IL1_CPPS,IL:IL1_____.IL1_CULP.IL1_CPPS,0
IL,IL1_MPDP,IL:IL1_____.IL1_CULP.IL1_MPDP,0
IL,IL1_CVR_,IL:IL1_____.IL1_CVR_,0
IL,IL1_MAIN,IL:IL1_____.IL1_CVR_.IL1_MAIN,0
IL,IL1_MASC,IL:IL1_____.IL1_CVR_.IL1_MASC,0
IL,IL1_MERG,IL:IL1_____.IL1_CVR_.IL1_MERG,0
IL,IL1_MESC,IL:IL1_____.IL1_CVR_.IL1_MESC,0
IL,IL1_ECAB,IL:IL1_____.IL1_ECAB,0
IL,IL1_ETQ_,IL:IL1_____.IL1_ETQ_,0
IL,IL1_ILS_,IL:IL1_____.IL1_ILS_,0
IL,IL1ILS_R,IL:IL1_____.IL1_ILS_.IL1ILS_R,0
IL,IL1_INJ_,IL:IL1_____.IL1_INJ_,0
IL,IL1_ACC_,IL:IL1_____.IL1_INJ_.IL1_ACC_,0
IL,IL1_MCAR,IL:IL1_____.IL1_INJ_.IL1_MCAR,0
IL,IL1INJ_F,IL:IL1_____.IL1_INJ_.IL1INJ_F,0
IL,IL1_LAQ_,IL:IL1_____.IL1_LAQ_AG,0
IL,IL1_LM__,IL:IL1_____.IL1_LM__,0
IL,IL1_LBCR,IL:IL1_____.IL1_LM__.IL1_LBCR1,0
IL,IL1_LB~0,IL:IL1_____.IL1_LM__.IL1_LBCR2,0
IL,IL1_LBTV,IL:IL1_____.IL1_LM__.IL1_LBTV,0
IL,IL1_LHPT,IL:IL1_____.IL1_LM__.IL1_LHPT,0
IL,IL1_LOCR,IL:IL1_____.IL1_LM__.IL1_LOCR,0
IL,IL1_LPRN,IL:IL1_____.IL1_LM__.IL1_LPRN,0
IL,IL1_LTLS,IL:IL1_____.IL1_LM__.IL1_LTLS,0
IL,IL1_LVCD,IL:IL1_____.IL1_LM__.IL1_LVCD,0
IL,IL1_PRI1,IL:IL1_____.IL1_PRI1,0
IL,PrnPtcl1,IL:IL1_____.IL1_PRI1.PrnPtcl1,0
IL,IL1_THR1,IL:IL1_____.IL1_THR1,0
IL,IL1_THR2,IL:IL1_____.IL1_THR2,0
IL,IL1_UAI_,IL:IL1_____.IL1_UAI_,0
IL,IL1_COP_,IL:IL1_____.IL1_UAI_.IL1_COP_,0
IL,IL1_KEP_,IL:IL1_____.IL1_UAI_.IL1_KEP_,0
IL,IL1_URA_,IL:IL1_____.IL1_URA_,0
IL,IL1URA_R,IL:IL1_____.IL1_URA_.IL1URA_R,0
IL,IL1STRAT,IL:IL1_____.IL1STRAT,0
IL,BGD_IL1_,IL:IL1_____.IL1STRAT.BGD_IL1_,0
IL,BTR_IL1_,IL:IL1_____.IL1STRAT.BTR_IL1_,0
IL,EPT_IL1_,IL:IL1_____.IL1STRAT.EPT_IL1_,0
IL,ETQ_IL1_,IL:IL1_____.IL1STRAT.ETQ_IL1_,0
IL,IL1_Mode,IL:IL1_____.IL1STRAT.IL1_Mode,0
IL,TLS_IL1_,IL:IL1_____.IL1STRAT.TLS_IL1_,0
IL,TPRN_IL1,IL:IL1_____.IL1STRAT.TPRN_IL1,0
IL,URA_IL1_,IL:IL1_____.IL1STRAT.URA_IL1_,0
IL,VBTR_IL1,IL:IL1_____.IL1STRAT.VBTR_IL1,0
IL,WAB_IL1_,IL:IL1_____.IL1STRAT.WAB_IL1_,0
IL,CullerPo,IL:IL1_CUL_.CullerPositionCell,0
IL,CullerZe,IL:IL1_CUL_.CullerZeroCell,0
IL,IL1_CUL_,IL:IL1_CVR_.IL1_MAIN.IL1_CUL_,0
IL,IL1ACQ_E,IL:IL1_CVR_.IL1_MAIN.IL1ACQ_E,0
IL,IL1ACQ_F,IL:IL1_CVR_.IL1_MAIN.IL1ACQ_F,0
IL,IL1ACQ_M,IL:IL1_CVR_.IL1_MAIN.IL1ACQ_M,0
IL,IL1ACQ_P,IL:IL1_CVR_.IL1_MAIN.IL1ACQ_P,0
IL,IL1CUL_E,IL:IL1_CVR_.IL1_MAIN.IL1CUL_E,0
IL,IL1CUL_F,IL:IL1_CVR_.IL1_MAIN.IL1CUL_F,0
IL,IL1MAISC,IL:IL1_CVR_.IL1_MAIN.IL1MAISC,0
IL,IL1MRK_F,IL:IL1_CVR_.IL1_MAIN.IL1MRK_F,0
IL,IL1EXT_F,IL:IL1_CVR_.IL1_MERG.IL1EXT_F,0
IL,IL1MER_E,IL:IL1_CVR_.IL1_MERG.IL1MER_E,0
IL,IL1MER_F,IL:IL1_CVR_.IL1_MERG.IL1MER_F,0
IL,IL1MER_M,IL:IL1_CVR_.IL1_MERG.IL1MER_M,0
IL,IL1MER_P,IL:IL1_CVR_.IL1_MERG.IL1MER_P,0
IL,IL1MERSC,IL:IL1_CVR_.IL1_MERG.IL1MERSC,0
IL,TheTempe,IL:IL1_ECAB.TheTemperatureControl,0
IL,LengthDe,IL:IL1_ETQ_.LengthDetector,0
IL,IL1_FE1_,IL:IL1_FE1_,0
IL,IL1FE1_E,IL:IL1_FE1_.IL1FE1_E,0
IL,IL1_FE2_,IL:IL1_FE2_,0
IL,IL1FE2_E,IL:IL1_FE2_.IL1FE2_E,0
IL,IL1ACC_M,IL:IL1_INJ_.IL1_ACC_.IL1ACC_M,0
IL,IL1ACCSC,IL:IL1_INJ_.IL1_ACC_.IL1ACCSC,0
IL,IL1INJB1,IL:IL1_INJ_.IL1_ACC_.IL1INJB1,0
IL,IL1INJB2,IL:IL1_INJ_.IL1_ACC_.IL1INJB2,0
IL,IL1INJB3,IL:IL1_INJ_.IL1_ACC_.IL1INJB3,0
IL,IL1MCARM,IL:IL1_INJ_.IL1_MCAR.IL1MCARM,0
IL,IL1CUL_M,IL:IL1_MAIN.IL1_CUL_.IL1CUL_M,0
IL,TheTem~3,IL:IL1ACQ_E.TheTemperatureControl,0
IL,TheTem~4,IL:IL1CUL_E.TheTemperatureControl,0
IL,TheTem~0,IL:IL1FE1_E.TheTemperatureControl,0
IL,TheTem~1,IL:IL1FE2_E.TheTemperatureControl,0
IL,TheTem~2,IL:IL1MER_E.TheTemperatureControl,0
IL,IL1RD,IL:IL1RD,0
IL,Decision,IL:IL1STRAT.DecisionPlanIL1,0
IL,Properti,IL:IL1STRAT.PropertiePlanIL1,0
IL,IL1WD,IL:IL1WD,0
IL,IL2_____,IL:IL2_____,0
IL,IL2_BTR_,IL:IL2_____.IL2_BTR_,0
IL,IL2_BTV_,IL:IL2_____.IL2_BTV_,0
IL,IL2_CPNL,IL:IL2_____.IL2_CPNL,0
IL,FE21OffB,IL:IL2_____.IL2_CPNL.FE21OffB,0
IL,FE21On_B,IL:IL2_____.IL2_CPNL.FE21On_B,0
IL,FE21SelB,IL:IL2_____.IL2_CPNL.FE21SelB,0
IL,FE22OffB,IL:IL2_____.IL2_CPNL.FE22OffB,0
IL,FE22On_B,IL:IL2_____.IL2_CPNL.FE22On_B,0
IL,IL2SuspB,IL:IL2_____.IL2_CPNL.IL2SuspB,0
IL,IL2_CULP,IL:IL2_____.IL2_CULP,0
IL,IL2_CPPS,IL:IL2_____.IL2_CULP.IL2_CPPS,0
IL,IL2_MPDP,IL:IL2_____.IL2_CULP.IL2_MPDP,0
IL,IL2_CVR_,IL:IL2_____.IL2_CVR_,0
IL,IL2_MAIN,IL:IL2_____.IL2_CVR_.IL2_MAIN,0
IL,IL2_MASC,IL:IL2_____.IL2_CVR_.IL2_MASC,0
IL,IL2_MERG,IL:IL2_____.IL2_CVR_.IL2_MERG,0
IL,IL2_MESC,IL:IL2_____.IL2_CVR_.IL2_MESC,0
IL,IL2_ECAB,IL:IL2_____.IL2_ECAB,0
IL,AP1-DJ~0,IL:IL2_____.IL2_ECAB.AP1-DJ,0
IL,IL2_ETQ_,IL:IL2_____.IL2_ETQ_,0
IL,IL2_ILS_,IL:IL2_____.IL2_ILS_,0
IL,IL2ILS_R,IL:IL2_____.IL2_ILS_.IL2ILS_R,0
IL,IL2_INJ_,IL:IL2_____.IL2_INJ_,0
IL,IL2_ACC_,IL:IL2_____.IL2_INJ_.IL2_ACC_,0
IL,IL2_MCAR,IL:IL2_____.IL2_INJ_.IL2_MCAR,0
IL,IL2INJ_F,IL:IL2_____.IL2_INJ_.IL2INJ_F,0
IL,INJ-SQ~0,IL:IL2_____.IL2_INJ_.INJ-SQ2,0
IL,IL2_LAQ_,IL:IL2_____.IL2_LAQ_AG,0
IL,IL2_LM__,IL:IL2_____.IL2_LM__,0
IL,IL2_LBCR,IL:IL2_____.IL2_LM__.IL2_LBCR1,0
IL,IL2_LB~0,IL:IL2_____.IL2_LM__.IL2_LBCR2,0
IL,IL2_LBTV,IL:IL2_____.IL2_LM__.IL2_LBTV,0
IL,IL2_LHPT,IL:IL2_____.IL2_LM__.IL2_LHPT,0
IL,IL2_LOCR,IL:IL2_____.IL2_LM__.IL2_LOCR,0
IL,IL2_LPRN,IL:IL2_____.IL2_LM__.IL2_LPRN,0
IL,IL2_LTLS,IL:IL2_____.IL2_LM__.IL2_LTLS,0
IL,IL2_LVCD,IL:IL2_____.IL2_LM__.IL2_LVCD,0
IL,IL2_PRI2,IL:IL2_____.IL2_PRI2,0
IL,PrnPtcl2,IL:IL2_____.IL2_PRI2.PrnPtcl2,0
IL,IL2_THR1,IL:IL2_____.IL2_THR1,0
IL,IL2_THR2,IL:IL2_____.IL2_THR2,0
IL,IL2_UAI_,IL:IL2_____.IL2_UAI_,0
IL,IL2_COP_,IL:IL2_____.IL2_UAI_.IL2_COP_,0
IL,IL2_KEP_,IL:IL2_____.IL2_UAI_.IL2_KEP_,0
IL,IL2_URA_,IL:IL2_____.IL2_URA_,0
IL,IL2URA_R,IL:IL2_____.IL2_URA_.IL2URA_R,0
IL,IL2STRAT,IL:IL2_____.IL2STRAT,0
IL,BGD_IL2_,IL:IL2_____.IL2STRAT.BGD_IL2_,0
IL,BTR_IL2_,IL:IL2_____.IL2STRAT.BTR_IL2_,0
IL,EPT_IL2_,IL:IL2_____.IL2STRAT.EPT_IL2_,0
IL,ETQ_IL2_,IL:IL2_____.IL2STRAT.ETQ_IL2_,0
IL,IL2_Mode,IL:IL2_____.IL2STRAT.IL2_Mode,0
IL,TLS_IL2_,IL:IL2_____.IL2STRAT.TLS_IL2_,0
IL,TPRN_IL2,IL:IL2_____.IL2STRAT.TPRN_IL2,0
IL,URA_IL2_,IL:IL2_____.IL2STRAT.URA_IL2_,0
IL,VBTR_IL2,IL:IL2_____.IL2STRAT.VBTR_IL2,0
IL,WAB_IL2_,IL:IL2_____.IL2STRAT.WAB_IL2_,0
IL,Culler~1,IL:IL2_CUL_.CullerPositionCell,0
IL,Culler~0,IL:IL2_CUL_.CullerZeroCell,0
IL,ACQ-B1~0,IL:IL2_CVR_.IL2_MAIN.ACQ-B1,0
IL,ACQ-SQ~0,IL:IL2_CVR_.IL2_MAIN.ACQ-SQ1,0
IL,ACQ-SQ~1,IL:IL2_CVR_.IL2_MAIN.ACQ-SQ2,0
IL,CUL-B1~0,IL:IL2_CVR_.IL2_MAIN.CUL-B1,0
IL,CUL-B2~0,IL:IL2_CVR_.IL2_MAIN.CUL-B2,0
IL,CUL-B3~0,IL:IL2_CVR_.IL2_MAIN.CUL-B3,0
IL,CUL-B5~0,IL:IL2_CVR_.IL2_MAIN.CUL-B5,0
IL,CUL-SQ~0,IL:IL2_CVR_.IL2_MAIN.CUL-SQ1,0
IL,CUL-SQ~1,IL:IL2_CVR_.IL2_MAIN.CUL-SQ2,0
IL,IL2_CUL_,IL:IL2_CVR_.IL2_MAIN.IL2_CUL_,0
IL,IL2ACQ_E,IL:IL2_CVR_.IL2_MAIN.IL2ACQ_E,0
IL,IL2ACQ_F,IL:IL2_CVR_.IL2_MAIN.IL2ACQ_F,0
IL,IL2ACQ_M,IL:IL2_CVR_.IL2_MAIN.IL2ACQ_M,0
IL,IL2ACQ_P,IL:IL2_CVR_.IL2_MAIN.IL2ACQ_P,0
IL,IL2CUL_E,IL:IL2_CVR_.IL2_MAIN.IL2CUL_E,0
IL,IL2CUL_F,IL:IL2_CVR_.IL2_MAIN.IL2CUL_F,0
IL,IL2MAISC,IL:IL2_CVR_.IL2_MAIN.IL2MAISC,0
IL,IL2MRK_F,IL:IL2_CVR_.IL2_MAIN.IL2MRK_F,0
IL,MRK-B1~0,IL:IL2_CVR_.IL2_MAIN.MRK-B1,0
IL,MRK-SQ~0,IL:IL2_CVR_.IL2_MAIN.MRK-SQ1,0
IL,MRK-SQ~1,IL:IL2_CVR_.IL2_MAIN.MRK-SQ2,0
IL,EXT-B1~0,IL:IL2_CVR_.IL2_MERG.EXT-B1,0
IL,EXT-SQ~0,IL:IL2_CVR_.IL2_MERG.EXT-SQ1,0
IL,EXT-SQ~1,IL:IL2_CVR_.IL2_MERG.EXT-SQ2,0
IL,IL2EXT_F,IL:IL2_CVR_.IL2_MERG.IL2EXT_F,0
IL,IL2MER_E,IL:IL2_CVR_.IL2_MERG.IL2MER_E,0
IL,IL2MER_F,IL:IL2_CVR_.IL2_MERG.IL2MER_F,0
IL,IL2MER_M,IL:IL2_CVR_.IL2_MERG.IL2MER_M,0
IL,IL2MER_P,IL:IL2_CVR_.IL2_MERG.IL2MER_P,0
IL,IL2MERSC,IL:IL2_CVR_.IL2_MERG.IL2MERSC,0
IL,MER-B1~0,IL:IL2_CVR_.IL2_MERG.MER-B1,0
IL,MER-B2~0,IL:IL2_CVR_.IL2_MERG.MER-B2,0
IL,MER-B3~0,IL:IL2_CVR_.IL2_MERG.MER-B3,0
IL,MER-SQ~0,IL:IL2_CVR_.IL2_MERG.MER-SQ1,0
IL,MER-SQ~1,IL:IL2_CVR_.IL2_MERG.MER-SQ2,0
IL,TheTem~5,IL:IL2_ECAB.TheTemperatureControl,0
IL,Length~0,IL:IL2_ETQ_.LengthDetector,0
IL,IL2_FE1_,IL:IL2_FE1_,0
IL,FE1-SQ~0,IL:IL2_FE1_.FE1-SQ5,0
IL,IL2FE1_E,IL:IL2_FE1_.IL2FE1_E,0
IL,FE1-DJ~0,IL:IL2_FE1_.IL2FE1_E.FE1-DJ,0
IL,IL2_FE2_,IL:IL2_FE2_,0
IL,FE2-SQ~0,IL:IL2_FE2_.FE2-SQ5,0
IL,FE2-SQ~1,IL:IL2_FE2_.FE2-SQ6,0
IL,IL2FE2_E,IL:IL2_FE2_.IL2FE2_E,0
IL,FE2-DJ~0,IL:IL2_FE2_.IL2FE2_E.FE2-DJ,0
IL,IL2ACC_M,IL:IL2_INJ_.IL2_ACC_.IL2ACC_M,0
IL,IL2ACCSC,IL:IL2_INJ_.IL2_ACC_.IL2ACCSC,0
IL,IL2INJB1,IL:IL2_INJ_.IL2_ACC_.IL2INJB1,0
IL,IL2INJB2,IL:IL2_INJ_.IL2_ACC_.IL2INJB2,0
IL,IL2INJB3,IL:IL2_INJ_.IL2_ACC_.IL2INJB3,0
IL,IL2MCARM,IL:IL2_INJ_.IL2_MCAR.IL2MCARM,0
IL,IL2CUL_M,IL:IL2_MAIN.IL2_CUL_.IL2CUL_M,0
IL,ACQ-DJ~0,IL:IL2_MAIN.IL2ACQ_E.ACQ-DJ,0
IL,CUL-DJ~0,IL:IL2_MAIN.IL2CUL_E.CUL-DJ,0
IL,MER-DJ~0,IL:IL2_MERG.IL2MER_E.MER-DJ,0
IL,TheTem~9,IL:IL2ACQ_E.TheTemperatureControl,0
IL,TheTem~a,IL:IL2CUL_E.TheTemperatureControl,0
IL,TheTem~6,IL:IL2FE1_E.TheTemperatureControl,0
IL,TheTem~7,IL:IL2FE2_E.TheTemperatureControl,0
IL,TheTem~8,IL:IL2MER_E.TheTemperatureControl,0
IL,IL2RD,IL:IL2RD,0
IL,Decisi~0,IL:IL2STRAT.DecisionPlanIL2,0
IL,Proper~0,IL:IL2STRAT.PropertiePlanIL2,0
IL,IL2WD,IL:IL2WD,0
IL,ILBoard,IL:ILBoard,0
IL,ILPROC_1,IL:ILPROC_1,0
IL,ACQ-MIBI,IL:ILPROC_1.ACQ-MIBISA,0
IL,MRK-MIBI,IL:ILPROC_1.MRK-MIBISA,0
IL,MRK-MREX,IL:ILPROC_1.MRK-MREX2,0
IL,ILPROC_2,IL:ILPROC_2,0
IL,ACQ-MI~0,IL:ILPROC_2.ACQ-MIBISA,0
IL,FE1MFE~0,IL:ILPROC_2.FE1MFE,0
IL,FE2MFE~0,IL:ILPROC_2.FE2MFE,0
IL,MRK-MI~0,IL:ILPROC_2.MRK-MIBISA,0
IL,MRK-MR~0,IL:ILPROC_2.MRK-MREX2,0
IL,INJ-SQ2,IL:INJ-SQ2,0
IL,INJ-U1,IL:INJ-U1,0
IL,INJ-U2,IL:INJ-U2,0
IL,INJMU1,IL:INJMU1,0
IL,INJMU2,IL:INJMU2,0
IL,MaintSC3,IL:MaintSC3,0
IL,MER-B1,IL:MER-B1,0
IL,MER-B2,IL:MER-B2,0
IL,MER-B3,IL:MER-B3,0
IL,MER-DJ,IL:MER-DJ,0
IL,MER-SQ1,IL:MER-SQ1,0
IL,MER-SQ2,IL:MER-SQ2,0
IL,MER-U1,IL:MER-U1,0
IL,MERMU1,IL:MERMU1,0
IL,MRK-B1,IL:MRK-B1,0
IL,MRK-SQ1,IL:MRK-SQ1,0
IL,MRK-SQ2,IL:MRK-SQ2,0
IL,MsgPor~0,IL:MsgBroker21.MsgPortUDP_Top21,0
IL,MsgPor~3,IL:MsgBroker21.MsgPortUDP_Top21C,0
IL,MsgPor~1,IL:MsgBroker23.MsgPortVME_Top23,0
IL,MsgPor~2,IL:MsgBroker24.MsgPortVME_Top24,0
IL,MsgPortV,IL:MsgPortVME_Em23,0
IL,ObjFtry,IL:ObjFtry,0
IL,PMC0_0,IL:PMC0_0,0
IL,PMC0_1,IL:PMC0_1,0
IL,PMC1_0,IL:PMC1_0,0
IL,PMC1_1,IL:PMC1_1,0
IL,Proper~1,IL:PropertiePlanT2K,0
IL,Role,IL:Role,0
IL,Role~0,IL:Role~0,0
IL,Role~1,IL:Role~1,0
IL,Role~2,IL:Role~2,0
IL,Role~3,IL:Role~3,0
IL,Role~4,IL:Role~4,0
IL,Role~5,IL:Role~5,0
IL,Role~6,IL:Role~6,0
IL,Role~7,IL:Role~7,0
IL,Role~8,IL:Role~8,0
IL,IL1ACQEZ,IL:Space.ElectricalZones.IL1ACQEZ,0
IL,IL1AP1EZ,IL:Space.ElectricalZones.IL1AP1EZ,0
IL,IL1CULEZ,IL:Space.ElectricalZones.IL1CULEZ,0
IL,IL1FE1EZ,IL:Space.ElectricalZones.IL1FE1EZ,0
IL,IL1FE2EZ,IL:Space.ElectricalZones.IL1FE2EZ,0
IL,IL1MEREZ,IL:Space.ElectricalZones.IL1MEREZ,0
IL,IL2ACQEZ,IL:Space.ElectricalZones.IL2ACQEZ,0
IL,IL2AP1EZ,IL:Space.ElectricalZones.IL2AP1EZ,0
IL,IL2CULEZ,IL:Space.ElectricalZones.IL2CULEZ,0
IL,IL2FE1EZ,IL:Space.ElectricalZones.IL2FE1EZ,0
IL,IL2FE2EZ,IL:Space.ElectricalZones.IL2FE2EZ,0
IL,IL2MEREZ,IL:Space.ElectricalZones.IL2MEREZ,0
IL,TcpSok01,IL:TcpSok01,0
IL,TcpSok02,IL:TcpSok02,0
IL,TcpSok03,IL:TcpSok03,0
IL,TcpSok04,IL:TcpSok04,0
IL,TcpSok05,IL:TcpSok05,0
IL,TcpSok06,IL:TcpSok06,0
IL,TcpSok07,IL:TcpSok07,0
IL,IL1ACQTZ,IL:TemperatureZones.IL1ACQTZ,0
IL,IL1AP1TZ,IL:TemperatureZones.IL1AP1TZ,0
IL,IL1CULTZ,IL:TemperatureZones.IL1CULTZ,0
IL,IL1FE1TZ,IL:TemperatureZones.IL1FE1TZ,0
IL,IL1FE2TZ,IL:TemperatureZones.IL1FE2TZ,0
IL,IL1MERTZ,IL:TemperatureZones.IL1MERTZ,0
IL,IL2ACQTZ,IL:TemperatureZones.IL2ACQTZ,0
IL,IL2AP1TZ,IL:TemperatureZones.IL2AP1TZ,0
IL,IL2CULTZ,IL:TemperatureZones.IL2CULTZ,0
IL,IL2FE1TZ,IL:TemperatureZones.IL2FE1TZ,0
IL,IL2FE2TZ,IL:TemperatureZones.IL2FE2TZ,0
IL,IL2MERTZ,IL:TemperatureZones.IL2MERTZ,0
IL,BTR_T2K1,IL:TheTop2000Strategy.BTR_T2K1,0
IL,BTR_T2K2,IL:TheTop2000Strategy.BTR_T2K2,0
IL,BTV_T2K1,IL:TheTop2000Strategy.BTV_T2K1,0
IL,BTV_T2K2,IL:TheTop2000Strategy.BTV_T2K2,0
IL,EPT_T2K_,IL:TheTop2000Strategy.EPT_T2K_,0
IL,ETQ_T2K1,IL:TheTop2000Strategy.ETQ_T2K1,0
IL,ETQ_T2K2,IL:TheTop2000Strategy.ETQ_T2K2,0
IL,ILS_T2K1,IL:TheTop2000Strategy.ILS_T2K1,0
IL,ILS_T2K2,IL:TheTop2000Strategy.ILS_T2K2,0
IL,PRN_T2K1,IL:TheTop2000Strategy.PRN_T2K1,0
IL,PRN_T2K2,IL:TheTop2000Strategy.PRN_T2K2,0
IL,T2K_Mode,IL:TheTop2000Strategy.T2K_Mode,0
IL,TLS_T2K_,IL:TheTop2000Strategy.TLS_T2K_,0
IL,URA_T2K1,IL:TheTop2000Strategy.URA_T2K1,0
IL,URA_T2K2,IL:TheTop2000Strategy.URA_T2K2,0
IL,VCD_T2K1,IL:TheTop2000Strategy.VCD_T2K1,0
IL,VCD_T2K2,IL:TheTop2000Strategy.VCD_T2K2,0
IL,WAB_T2K1,IL:TheTop2000Strategy.WAB_T2K1,0
IL,WAB_T2K2,IL:TheTop2000Strategy.WAB_T2K2,0
IL,TLS,IL:TLS,0
IL,Top2000,IL:Top2000,0
IL,IL1_PON_,IL:Top2000.IL1_PON_,0
IL,IL2_PON_,IL:Top2000.IL2_PON_,0
IL,MaintIL1,IL:Top2000.MaintIL1,0
IL,MaintIL2,IL:Top2000.MaintIL2,0
IL,MaintSC2,IL:Top2000.MaintSC2,0
IL,MsgBroke,IL:Top2000.MsgBroker21,0
IL,MsgBro~0,IL:Top2000.MsgBroker23,0
IL,MsgBro~1,IL:Top2000.MsgBroker24,0
IL,Security,IL:Top2000.SecurityChain,0
IL,TheTop20,IL:Top2000.TheTop2000Strategy,0
IL,UdpSok~1,IL:UdpSok~1,0
IL,UdpSok~2,IL:UdpSok~2,0
IL,UdpSok~3,IL:UdpSok~3,0
IL,DPStrate,IL:UpperCnvr.DPStrategy2_IL1,0
IL,DPStra~0,IL:UpperCnvr.DPStrategy2_IL2,0
IL,URE_ITLS,IL:URE_ITLS,0
IL,Zone2,IL:Zone2,0
IL,Zone3,IL:Zone3,0
IL,Zone4,IL:Zone4,0
IL,Zone5,IL:Zone5,0
